feature,coefficient,importance,direction,feature_group,rank
Diff_TotalGold,0.37230685088094406,0.37230685088094406,Blue-favored,aggregate_difference,1
Diff_DmgDealt,0.21709973465143037,0.21709973465143037,Blue-favored,aggregate_difference,2
Diff_MinionsKilled,0.1997941817569469,0.1997941817569469,Blue-favored,aggregate_difference,3
TotalGold_P1,0.18958386367094482,0.18958386367094482,Blue-favored,player_level_stats,4
TotalGold_P8,-0.1588517832296534,0.1588517832296534,Red-favored,player_level_stats,5
MinionsKilled_P7,-0.13898946767542916,0.13898946767542916,Red-favored,player_level_stats,6
MinionsKilled_P2,0.1367282460774407,0.1367282460774407,Blue-favored,player_level_stats,7
TotalGold_P4,0.1247446698815369,0.1247446698815369,Blue-favored,player_level_stats,8
BlueChamp_81,-0.1212748625590823,0.1212748625590823,Red-favored,champion_composition,9
RedChamp_81,0.11322096996009275,0.11322096996009275,Blue-favored,champion_composition,10
RedChamp_51,0.1121079957761281,0.1121079957761281,Blue-favored,champion_composition,11
Diff_DragonKills,0.10744707671786549,0.10744707671786549,Blue-favored,aggregate_difference,12
RedChamp_75,-0.10702622363569657,0.10702622363569657,Red-favored,champion_composition,13
MinionsKilled_P9,-0.10498401619371586,0.10498401619371586,Red-favored,player_level_stats,14
RedDragonKills,-0.10424125125484518,0.10424125125484518,Red-favored,objective_counts,15
SummonerSpell2_P8_11,0.10108248067196483,0.10108248067196483,Blue-favored,setup_runes_spells,16
BlueDragonKills,0.09498140706357885,0.09498140706357885,Blue-favored,objective_counts,17
TotalGold_P7,-0.09437325364429779,0.09437325364429779,Red-favored,player_level_stats,18
BlueChamp_10,0.09347968089024362,0.09347968089024362,Blue-favored,champion_composition,19
BlueChamp_51,-0.09247306680629985,0.09247306680629985,Red-favored,champion_composition,20
DmgDealt_P5,0.084764241994246,0.084764241994246,Blue-favored,player_level_stats,21
RedChamp_10,-0.08447717677993329,0.08447717677993329,Red-favored,champion_composition,22
DmgTaken_P1,0.08365675074179506,0.08365675074179506,Blue-favored,player_level_stats,23
Red_TotalGold_avg,-0.08151819681865595,0.08151819681865595,Red-favored,team_aggregate,24
Red_TotalGold_sum,-0.08151819681865564,0.08151819681865564,Red-favored,team_aggregate,25
MinionsKilled_P4,0.08127967935729945,0.08127967935729945,Blue-favored,player_level_stats,26
Blue_TotalGold_avg,0.08049425864793791,0.08049425864793791,Blue-favored,team_aggregate,27
Blue_TotalGold_sum,0.08049425864793786,0.08049425864793786,Blue-favored,team_aggregate,28
kills_P2,0.07755138480243982,0.07755138480243982,Blue-favored,player_level_stats,29
BlueChamp_119,-0.07731527589849259,0.07731527589849259,Red-favored,champion_composition,30
RedChamp_136,-0.07713488642021346,0.07713488642021346,Red-favored,champion_composition,31
BlueChamp_75,0.07653139703050325,0.07653139703050325,Blue-favored,champion_composition,32
Red_DmgDealt_sum,-0.07534694766702155,0.07534694766702155,Red-favored,team_aggregate,33
Red_DmgDealt_avg,-0.07534694766702131,0.07534694766702131,Red-favored,team_aggregate,34
DmgDealt_P9,-0.07522603773579398,0.07522603773579398,Red-favored,player_level_stats,35
BlueChamp_800,-0.07504192203086447,0.07504192203086447,Red-favored,champion_composition,36
DmgDealt_P10,-0.07474379324003207,0.07474379324003207,Red-favored,player_level_stats,37
DmgDealt_P4,0.07361767649677446,0.07361767649677446,Blue-favored,player_level_stats,38
MinionsKilled_P10,0.07313939741823934,0.07313939741823934,Blue-favored,player_level_stats,39
MinionsKilled_P5,-0.07073625036722517,0.07073625036722517,Red-favored,player_level_stats,40
BlueChamp_236,-0.06921651960583926,0.06921651960583926,Red-favored,champion_composition,41
BlueChamp_136,0.06839954044435484,0.06839954044435484,Blue-favored,champion_composition,42
RedChamp_36,-0.06719767394382044,0.06719767394382044,Red-favored,champion_composition,43
SummonerSpell1_P5_4,-0.0657651058081762,0.0657651058081762,Red-favored,setup_runes_spells,44
Blue_DmgDealt_avg,0.06509578546586102,0.06509578546586102,Blue-favored,team_aggregate,45
Blue_DmgDealt_sum,0.06509578546586099,0.06509578546586099,Blue-favored,team_aggregate,46
Red_MinionsKilled_avg,-0.06385805879285143,0.06385805879285143,Red-favored,team_aggregate,47
Red_MinionsKilled_sum,-0.063858058792851,0.063858058792851,Red-favored,team_aggregate,48
Blue_MinionsKilled_sum,0.06348876340860904,0.06348876340860904,Blue-favored,team_aggregate,49
Blue_MinionsKilled_avg,0.06348876340860828,0.06348876340860828,Blue-favored,team_aggregate,50
Blue_GoldStd,0.06192450641965652,0.06192450641965652,Blue-favored,team_aggregate,51
RedChamp_236,0.06169943084279658,0.06169943084279658,Blue-favored,champion_composition,52
RedChamp_800,0.05972919295124093,0.05972919295124093,Blue-favored,champion_composition,53
RedChamp_110,0.05893851240790574,0.05893851240790574,Blue-favored,champion_composition,54
BlueChamp_120,-0.058449139868114695,0.058449139868114695,Red-favored,champion_composition,55
BlueChamp_110,-0.05792358422949109,0.05792358422949109,Red-favored,champion_composition,56
SummonerSpell2_P5_4,-0.057341384541060025,0.057341384541060025,Red-favored,setup_runes_spells,57
RedChamp_119,0.0569822805864198,0.0569822805864198,Blue-favored,champion_composition,58
RedChamp_31,-0.054992612137772914,0.054992612137772914,Red-favored,champion_composition,59
BlueChamp_238,-0.05486502840022547,0.05486502840022547,Red-favored,champion_composition,60
BlueChamp_37,0.054626412760936646,0.054626412760936646,Blue-favored,champion_composition,61
BlueChamp_0,0.05447395260662324,0.05447395260662324,Blue-favored,champion_composition,62
DmgTaken_P6,-0.05324604418573593,0.05324604418573593,Red-favored,player_level_stats,63
RedChamp_45,-0.053057837266577215,0.053057837266577215,Red-favored,champion_composition,64
RedChamp_201,-0.052475267726067726,0.052475267726067726,Red-favored,champion_composition,65
RedChamp_63,-0.051714457789799106,0.051714457789799106,Red-favored,champion_composition,66
RedChamp_21,0.05166436111552814,0.05166436111552814,Blue-favored,champion_composition,67
kills_P7,-0.051453992504630654,0.051453992504630654,Red-favored,player_level_stats,68
RedChamp_82,-0.05140176986584414,0.05140176986584414,Red-favored,champion_composition,69
Lane_P6_SUPPORT,0.05132797816631557,0.05132797816631557,Blue-favored,lane_position,70
RedChamp_91,0.05102076397487001,0.05102076397487001,Blue-favored,champion_composition,71
RedChamp_121,0.05075791215246907,0.05075791215246907,Blue-favored,champion_composition,72
TotalGold_P9,-0.050508999050580705,0.050508999050580705,Red-favored,player_level_stats,73
BlueChamp_64,-0.050432696812687534,0.050432696812687534,Red-favored,champion_composition,74
BlueChamp_45,0.04987008305624576,0.04987008305624576,Blue-favored,champion_composition,75
RedChamp_17,-0.049859385675437795,0.049859385675437795,Red-favored,champion_composition,76
DmgDealt_P7,-0.04943381887224668,0.04943381887224668,Red-favored,player_level_stats,77
DmgDealt_P2,0.04925647633290126,0.04925647633290126,Blue-favored,player_level_stats,78
Diff_TowerKills,-0.04899131108632108,0.04899131108632108,Red-favored,aggregate_difference,79
deaths_P7,-0.04893590309580909,0.04893590309580909,Red-favored,player_level_stats,80
QueueType_CHERRY,0.048752149533243735,0.048752149533243735,Blue-favored,queue_type,81
PrimaryKeyStone_P7_0,0.048752149533243735,0.048752149533243735,Blue-favored,setup_runes_spells,82
PrimaryKeyStone_P6_0,0.048752149533243735,0.048752149533243735,Blue-favored,setup_runes_spells,83
PrimaryKeyStone_P1_0,0.048752149533243735,0.048752149533243735,Blue-favored,setup_runes_spells,84
PrimaryKeyStone_P2_0,0.048752149533243735,0.048752149533243735,Blue-favored,setup_runes_spells,85
PrimaryKeyStone_P9_0,0.048752149533243735,0.048752149533243735,Blue-favored,setup_runes_spells,86
PrimaryKeyStone_P8_0,0.048752149533243735,0.048752149533243735,Blue-favored,setup_runes_spells,87
PrimaryKeyStone_P5_0,0.048752149533243735,0.048752149533243735,Blue-favored,setup_runes_spells,88
PrimaryKeyStone_P10_0,0.048752149533243735,0.048752149533243735,Blue-favored,setup_runes_spells,89
PrimaryKeyStone_P3_0,0.048752149533243735,0.048752149533243735,Blue-favored,setup_runes_spells,90
PrimaryKeyStone_P4_0,0.048752149533243735,0.048752149533243735,Blue-favored,setup_runes_spells,91
BlueChamp_26,0.04872986255977909,0.04872986255977909,Blue-favored,champion_composition,92
Lane_P2_TOP,-0.0483087287187064,0.0483087287187064,Red-favored,lane_position,93
assists_P5,-0.04817226916131444,0.04817226916131444,Red-favored,player_level_stats,94
RedChamp_267,-0.04807830764566246,0.04807830764566246,Red-favored,champion_composition,95
BlueChamp_777,0.047495928781421476,0.047495928781421476,Blue-favored,champion_composition,96
BlueChamp_523,-0.04747653422097186,0.04747653422097186,Red-favored,champion_composition,97
DmgTaken_P9,-0.04722741635578197,0.04722741635578197,Red-favored,player_level_stats,98
RedChamp_157,0.04720012578361978,0.04720012578361978,Blue-favored,champion_composition,99
DmgDealt_P8,-0.047038351183604776,0.047038351183604776,Red-favored,player_level_stats,100
BlueChamp_516,0.04682036371236778,0.04682036371236778,Blue-favored,champion_composition,101
BlueChamp_901,0.04672229202581702,0.04672229202581702,Blue-favored,champion_composition,102
BlueChamp_429,-0.04646900505072327,0.04646900505072327,Red-favored,champion_composition,103
BlueChamp_804,-0.04614680179399066,0.04614680179399066,Red-favored,champion_composition,104
RedChamp_37,-0.046026521682229316,0.046026521682229316,Red-favored,champion_composition,105
RedChamp_86,-0.04575450442596026,0.04575450442596026,Red-favored,champion_composition,106
SummonerSpell1_P5_7,0.04570585818687543,0.04570585818687543,Blue-favored,setup_runes_spells,107
assists_P2,0.04541980162987265,0.04541980162987265,Blue-favored,player_level_stats,108
RedChamp_38,-0.04503823404096481,0.04503823404096481,Red-favored,champion_composition,109
BlueChamp_122,-0.04489092930617934,0.04489092930617934,Red-favored,champion_composition,110
BlueChamp_54,0.044132080612256847,0.044132080612256847,Blue-favored,champion_composition,111
RedChamp_516,-0.04410099279626164,0.04410099279626164,Red-favored,champion_composition,112
DmgDealt_P3,0.04371214353095425,0.04371214353095425,Blue-favored,player_level_stats,113
RedChamp_64,0.04370638305385614,0.04370638305385614,Blue-favored,champion_composition,114
TotalGold_P10,-0.04359906832376567,0.04359906832376567,Red-favored,player_level_stats,115
RedChamp_901,-0.04339567707014898,0.04339567707014898,Red-favored,champion_composition,116
RedChamp_202,0.04304356560831587,0.04304356560831587,Blue-favored,champion_composition,117
BlueChamp_38,0.04304237896519077,0.04304237896519077,Blue-favored,champion_composition,118
Lane_P1_BOTTOM,-0.043025377507195074,0.043025377507195074,Red-favored,lane_position,119
BlueChamp_9,0.04300007467222569,0.04300007467222569,Blue-favored,champion_composition,120
BlueChamp_86,0.042964038893097224,0.042964038893097224,Blue-favored,champion_composition,121
BlueChamp_141,0.04288563195104649,0.04288563195104649,Blue-favored,champion_composition,122
RedChamp_42,0.04278716014564324,0.04278716014564324,Blue-favored,champion_composition,123
PrimaryKeyStone_P4_8112,-0.04229847196529993,0.04229847196529993,Red-favored,setup_runes_spells,124
MinionsKilled_P3,0.042159528118549706,0.042159528118549706,Blue-favored,player_level_stats,125
Red_GoldStd,-0.04209194522564865,0.04209194522564865,Red-favored,team_aggregate,126
PrimaryKeyStone_P10_8214,-0.04207589013107273,0.04207589013107273,Red-favored,setup_runes_spells,127
RedChamp_360,0.04123050287365463,0.04123050287365463,Blue-favored,champion_composition,128
RedChamp_145,0.04063937561942406,0.04063937561942406,Blue-favored,champion_composition,129
TotalGold_P5,0.04031956306808666,0.04031956306808666,Blue-favored,player_level_stats,130
deaths_P8,0.04025942902860665,0.04025942902860665,Blue-favored,player_level_stats,131
RedChamp_43,0.040229616900903,0.040229616900903,Blue-favored,champion_composition,132
RedChamp_98,-0.04002998615773695,0.04002998615773695,Red-favored,champion_composition,133
DmgTaken_P2,0.03983029310405582,0.03983029310405582,Blue-favored,player_level_stats,134
BlueChamp_902,0.03978840941250909,0.03978840941250909,Blue-favored,champion_composition,135
SummonerSpell2_P6_2201,0.03944172216803101,0.03944172216803101,Blue-favored,setup_runes_spells,136
SummonerSpell1_P6_2202,0.03944172216803101,0.03944172216803101,Blue-favored,setup_runes_spells,137
Diff_RiftHeraldKills,0.0393516664198414,0.0393516664198414,Blue-favored,aggregate_difference,138
PrimaryKeyStone_P1_8112,-0.039198733110689506,0.039198733110689506,Red-favored,setup_runes_spells,139
BlueChamp_89,0.03904872039112149,0.03904872039112149,Blue-favored,champion_composition,140
BlueChamp_267,0.03876583417152774,0.03876583417152774,Blue-favored,champion_composition,141
BlueTowerKills,-0.0387046519343118,0.0387046519343118,Red-favored,objective_counts,142
assists_P1,0.038666726628550516,0.038666726628550516,Blue-favored,player_level_stats,143
RedChamp_15,0.03853175767601575,0.03853175767601575,Blue-favored,champion_composition,144
Diff_KDA,0.03824321021936612,0.03824321021936612,Blue-favored,aggregate_difference,145
RedChamp_497,-0.0380994441652754,0.0380994441652754,Red-favored,champion_composition,146
RedChamp_0,-0.03801500175260219,0.03801500175260219,Red-favored,champion_composition,147
BlueChamp_91,-0.03801280278787682,0.03801280278787682,Red-favored,champion_composition,148
TotalGold_P2,-0.03793548321562274,0.03793548321562274,Red-favored,player_level_stats,149
Lane_P4_TOP,0.03774357242590287,0.03774357242590287,Blue-favored,lane_position,150
SummonerSpell2_P1_2201,0.03769216516700512,0.03769216516700512,Blue-favored,setup_runes_spells,151
SummonerSpell1_P1_2202,0.03769216516700512,0.03769216516700512,Blue-favored,setup_runes_spells,152
SummonerSpell2_P7_2201,0.03762816438084945,0.03762816438084945,Blue-favored,setup_runes_spells,153
SummonerSpell1_P7_2202,0.03762816438084945,0.03762816438084945,Blue-favored,setup_runes_spells,154
BlueChamp_39,-0.037519149378192666,0.037519149378192666,Red-favored,champion_composition,155
BlueChamp_57,0.03748027561928186,0.03748027561928186,Blue-favored,champion_composition,156
SummonerSpell2_P1_4,-0.037356852509237023,0.037356852509237023,Red-favored,setup_runes_spells,157
PrimaryKeyStone_P7_8465,-0.0371141940033595,0.0371141940033595,Red-favored,setup_runes_spells,158
SummonerSpell1_P8_2202,0.036965161378012805,0.036965161378012805,Blue-favored,setup_runes_spells,159
SummonerSpell2_P8_2201,0.036965161378012805,0.036965161378012805,Blue-favored,setup_runes_spells,160
RedChamp_142,0.0369081093154668,0.0369081093154668,Blue-favored,champion_composition,161
SummonerSpell1_P2_12,-0.03669696683289988,0.03669696683289988,Red-favored,setup_runes_spells,162
Blue_KDA,0.03657657091906872,0.03657657091906872,Blue-favored,team_aggregate,163
RedChamp_54,-0.036500859606475325,0.036500859606475325,Red-favored,champion_composition,164
BlueChamp_497,0.036427196508187314,0.036427196508187314,Blue-favored,champion_composition,165
BlueChamp_432,0.03636998088531085,0.03636998088531085,Blue-favored,champion_composition,166
RedRiftHeraldKills,-0.03628419048197225,0.03628419048197225,Red-favored,objective_counts,167
SummonerSpell1_P5_2202,0.03610807331156923,0.03610807331156923,Blue-favored,setup_runes_spells,168
SummonerSpell2_P5_2201,0.03610807331156923,0.03610807331156923,Blue-favored,setup_runes_spells,169
SummonerSpell2_P3_2201,0.03602655025022241,0.03602655025022241,Blue-favored,setup_runes_spells,170
SummonerSpell1_P3_2202,0.03602655025022241,0.03602655025022241,Blue-favored,setup_runes_spells,171
SummonerSpell1_P2_2202,0.03593448190808239,0.03593448190808239,Blue-favored,setup_runes_spells,172
SummonerSpell2_P2_2201,0.03593448190808239,0.03593448190808239,Blue-favored,setup_runes_spells,173
SummonerSpell1_P1_4,-0.03574364717716237,0.03574364717716237,Red-favored,setup_runes_spells,174
BlueChamp_31,0.03561150205166448,0.03561150205166448,Blue-favored,champion_composition,175
SummonerSpell1_P9_2202,0.035578882016642985,0.035578882016642985,Blue-favored,setup_runes_spells,176
SummonerSpell2_P9_2201,0.035578882016642985,0.035578882016642985,Blue-favored,setup_runes_spells,177
RedChamp_902,-0.035530340032584824,0.035530340032584824,Red-favored,champion_composition,178
PrimaryKeyStone_P3_8369,0.035505848025359235,0.035505848025359235,Blue-favored,setup_runes_spells,179
SummonerSpell2_P6_4,0.03547561121784905,0.03547561121784905,Blue-favored,setup_runes_spells,180
PrimaryKeyStone_P5_8229,-0.03534092763863367,0.03534092763863367,Red-favored,setup_runes_spells,181
SummonerSpell2_P10_4,-0.03529863304760144,0.03529863304760144,Red-favored,setup_runes_spells,182
deaths_P1,-0.03525303231983536,0.03525303231983536,Red-favored,player_level_stats,183
SummonerSpell2_P3_14,-0.035214700105208316,0.035214700105208316,Red-favored,setup_runes_spells,184
SummonerSpell1_P4_2201,0.03513606960843288,0.03513606960843288,Blue-favored,setup_runes_spells,185
SummonerSpell2_P4_2202,0.03513606960843288,0.03513606960843288,Blue-favored,setup_runes_spells,186
BlueChamp_121,-0.03497564752823326,0.03497564752823326,Red-favored,champion_composition,187
RedChamp_523,0.03493440842673232,0.03493440842673232,Blue-favored,champion_composition,188
PrimaryKeyStone_P8_8369,-0.03486932185011626,0.03486932185011626,Red-favored,setup_runes_spells,189
BlueChamp_42,-0.034849830851546484,0.034849830851546484,Red-favored,champion_composition,190
SummonerSpell2_P10_2202,0.03483159880683155,0.03483159880683155,Blue-favored,setup_runes_spells,191
SummonerSpell1_P10_2201,0.03483159880683155,0.03483159880683155,Blue-favored,setup_runes_spells,192
PrimaryKeyStone_P2_9923,-0.034796399844158,0.034796399844158,Red-favored,setup_runes_spells,193
RedChamp_74,0.03477646219482415,0.03477646219482415,Blue-favored,champion_composition,194
SummonerSpell1_P7_21,0.034615410067634265,0.034615410067634265,Blue-favored,setup_runes_spells,195
BlueChamp_223,0.034593169042953786,0.034593169042953786,Blue-favored,champion_composition,196
BlueChamp_202,-0.03453702287279244,0.03453702287279244,Red-favored,champion_composition,197
BlueChamp_36,0.0345298351649283,0.0345298351649283,Blue-favored,champion_composition,198
BlueRiftHeraldKills,0.03443669318827221,0.03443669318827221,Blue-favored,objective_counts,199
SummonerSpell1_P10_2202,0.03386094013674799,0.03386094013674799,Blue-favored,setup_runes_spells,200
SummonerSpell2_P10_2201,0.03386094013674799,0.03386094013674799,Blue-favored,setup_runes_spells,201
SummonerSpell2_P5_7,0.033829853621116464,0.033829853621116464,Blue-favored,setup_runes_spells,202
BlueChamp_145,-0.03354827635917698,0.03354827635917698,Red-favored,champion_composition,203
BlueChamp_427,0.033492945282077566,0.033492945282077566,Blue-favored,champion_composition,204
SummonerSpell2_P4_2201,0.033492078401884826,0.033492078401884826,Blue-favored,setup_runes_spells,205
SummonerSpell1_P4_2202,0.033492078401884826,0.033492078401884826,Blue-favored,setup_runes_spells,206
PrimaryKeyStone_P9_8010,-0.033260634066797634,0.033260634066797634,Red-favored,setup_runes_spells,207
PrimaryKeyStone_P4_8021,-0.03305818434696392,0.03305818434696392,Red-favored,setup_runes_spells,208
PrimaryKeyStone_P10_8229,0.033036951302334146,0.033036951302334146,Blue-favored,setup_runes_spells,209
SummonerSpell1_P9_2201,0.03298134377665414,0.03298134377665414,Blue-favored,setup_runes_spells,210
SummonerSpell2_P9_2202,0.03298134377665414,0.03298134377665414,Blue-favored,setup_runes_spells,211
BlueChamp_11,0.032929767931722004,0.032929767931722004,Blue-favored,champion_composition,212
RedChamp_103,-0.032605044849745704,0.032605044849745704,Red-favored,champion_composition,213
SummonerSpell2_P2_2202,0.032590306885356066,0.032590306885356066,Blue-favored,setup_runes_spells,214
SummonerSpell1_P2_2201,0.032590306885356066,0.032590306885356066,Blue-favored,setup_runes_spells,215
SummonerSpell1_P3_2201,0.03251218726732705,0.03251218726732705,Blue-favored,setup_runes_spells,216
SummonerSpell2_P3_2202,0.03251218726732705,0.03251218726732705,Blue-favored,setup_runes_spells,217
SummonerSpell2_P1_7,-0.03251111625779034,0.03251111625779034,Red-favored,setup_runes_spells,218
SummonerSpell2_P5_2202,0.03249480193962462,0.03249480193962462,Blue-favored,setup_runes_spells,219
SummonerSpell1_P5_2201,0.03249480193962462,0.03249480193962462,Blue-favored,setup_runes_spells,220
RedChamp_223,-0.03227001627407993,0.03227001627407993,Red-favored,champion_composition,221
PrimaryKeyStone_P5_9923,-0.03211701390705981,0.03211701390705981,Red-favored,setup_runes_spells,222
SummonerSpell1_P10_4,-0.03207155724523983,0.03207155724523983,Red-favored,setup_runes_spells,223
PrimaryKeyStone_P3_8008,-0.031967415961831336,0.031967415961831336,Red-favored,setup_runes_spells,224
PrimaryKeyStone_P5_8112,-0.03191881308549967,0.03191881308549967,Red-favored,setup_runes_spells,225
SummonerSpell1_P6_4,0.03171849910869198,0.03171849910869198,Blue-favored,setup_runes_spells,226
SummonerSpell1_P8_2201,0.031562568599726476,0.031562568599726476,Blue-favored,setup_runes_spells,227
SummonerSpell2_P8_2202,0.031562568599726476,0.031562568599726476,Blue-favored,setup_runes_spells,228
BlueChamp_897,-0.03144308401773696,0.03144308401773696,Red-favored,champion_composition,229
SummonerSpell2_P7_11,-0.031240673552312692,0.031240673552312692,Red-favored,setup_runes_spells,230
PrimaryKeyStone_P4_8128,-0.03119343448182195,0.03119343448182195,Red-favored,setup_runes_spells,231
BlueChamp_17,0.031141505586451318,0.031141505586451318,Blue-favored,champion_composition,232
RedChamp_89,-0.031087885915683927,0.031087885915683927,Red-favored,champion_composition,233
MinionsKilled_P6,-0.030927314682637,0.030927314682637,Red-favored,player_level_stats,234
SummonerSpell2_P4_14,-0.030908014360994166,0.030908014360994166,Red-favored,setup_runes_spells,235
SummonerSpell2_P7_2202,0.030782079008905432,0.030782079008905432,Blue-favored,setup_runes_spells,236
SummonerSpell1_P7_2201,0.030782079008905432,0.030782079008905432,Blue-favored,setup_runes_spells,237
SummonerSpell1_P1_2201,0.030688584184902893,0.030688584184902893,Blue-favored,setup_runes_spells,238
SummonerSpell2_P1_2202,0.030688584184902893,0.030688584184902893,Blue-favored,setup_runes_spells,239
BlueChamp_7,-0.030643344058698566,0.030643344058698566,Red-favored,champion_composition,240
BlueChamp_12,0.030419302413720727,0.030419302413720727,Blue-favored,champion_composition,241
Lane_P2_MIDDLE,0.03029973093598116,0.03029973093598116,Blue-favored,lane_position,242
RedChamp_14,-0.030238797774341828,0.030238797774341828,Red-favored,champion_composition,243
SummonerSpell2_P6_14,-0.03014213249240887,0.03014213249240887,Red-favored,setup_runes_spells,244
SummonerSpell2_P9_11,0.03012909561647946,0.03012909561647946,Blue-favored,setup_runes_spells,245
SummonerSpell1_P9_6,-0.030113699544337295,0.030113699544337295,Red-favored,setup_runes_spells,246
BlueChamp_201,0.029993486144117676,0.029993486144117676,Blue-favored,champion_composition,247
RedChamp_950,0.029992483410729385,0.029992483410729385,Blue-favored,champion_composition,248
RedChamp_18,0.029981470982425797,0.029981470982425797,Blue-favored,champion_composition,249
RedChamp_887,-0.029981186858106062,0.029981186858106062,Red-favored,champion_composition,250
RedChamp_26,-0.02990671720223808,0.02990671720223808,Red-favored,champion_composition,251
RedChamp_25,-0.029873880148901903,0.029873880148901903,Red-favored,champion_composition,252
BlueChamp_63,0.029872596634446538,0.029872596634446538,Blue-favored,champion_composition,253
PrimaryKeyStone_P9_8112,0.029847859152402664,0.029847859152402664,Blue-favored,setup_runes_spells,254
BlueChamp_25,0.029815658704067948,0.029815658704067948,Blue-favored,champion_composition,255
kills_P5,-0.029697463996596677,0.029697463996596677,Red-favored,player_level_stats,256
TotalGold_P3,0.029582443852526553,0.029582443852526553,Blue-favored,player_level_stats,257
RedChamp_34,-0.029379796395829945,0.029379796395829945,Red-favored,champion_composition,258
SummonerSpell1_P7_11,-0.029113442882637362,0.029113442882637362,Red-favored,setup_runes_spells,259
BlueChamp_143,0.029039446862147465,0.029039446862147465,Blue-favored,champion_composition,260
BlueChamp_33,0.02892841262619068,0.02892841262619068,Blue-favored,champion_composition,261
RedChamp_11,-0.028862551790041442,0.028862551790041442,Red-favored,champion_composition,262
SummonerSpell2_P6_2202,0.028765003854222048,0.028765003854222048,Blue-favored,setup_runes_spells,263
SummonerSpell1_P6_2201,0.028765003854222048,0.028765003854222048,Blue-favored,setup_runes_spells,264
BlueChamp_246,-0.028761066453356438,0.028761066453356438,Red-favored,champion_composition,265
DmgDealt_P6,-0.028643296976313314,0.028643296976313314,Red-favored,player_level_stats,266
RedChamp_875,-0.028621896572069743,0.028621896572069743,Red-favored,champion_composition,267
BlueChamp_157,-0.028589337044285464,0.028589337044285464,Red-favored,champion_composition,268
Red_KDA,-0.02832572822048685,0.02832572822048685,Red-favored,team_aggregate,269
assists_P7,-0.02827006048111309,0.02827006048111309,Red-favored,player_level_stats,270
RedChamp_246,0.028169288205463775,0.028169288205463775,Blue-favored,champion_composition,271
BlueChamp_126,-0.02811430113808221,0.02811430113808221,Red-favored,champion_composition,272
RedChamp_9,-0.028073574053230677,0.028073574053230677,Red-favored,champion_composition,273
DmgTaken_P3,0.027985445633720404,0.027985445633720404,Blue-favored,player_level_stats,274
SummonerSpell2_P9_4,-0.027955512299911896,0.027955512299911896,Red-favored,setup_runes_spells,275
BlueChamp_76,-0.027937555813508545,0.027937555813508545,Red-favored,champion_composition,276
SummonerSpell2_P6_21,-0.027906710136855473,0.027906710136855473,Red-favored,setup_runes_spells,277
PrimaryKeyStone_P1_8465,-0.02779880379475106,0.02779880379475106,Red-favored,setup_runes_spells,278
RedChamp_126,0.02767899006172943,0.02767899006172943,Blue-favored,champion_composition,279
PrimaryKeyStone_P7_8010,-0.02748424547771524,0.02748424547771524,Red-favored,setup_runes_spells,280
TotalGold_P6,-0.02744452634085781,0.02744452634085781,Red-favored,player_level_stats,281
PrimaryKeyStone_P7_8021,0.027318305088524224,0.027318305088524224,Blue-favored,setup_runes_spells,282
RedChamp_154,-0.02718285811085591,0.02718285811085591,Red-favored,champion_composition,283
SummonerSpell1_P6_14,-0.027118015840804238,0.027118015840804238,Red-favored,setup_runes_spells,284
BlueChamp_360,-0.02706258092054529,0.02706258092054529,Red-favored,champion_composition,285
PrimaryKeyStone_P4_8230,-0.02702064620394311,0.02702064620394311,Red-favored,setup_runes_spells,286
BlueChamp_22,-0.02676346347646486,0.02676346347646486,Red-favored,champion_composition,287
SummonerSpell2_P5_32,-0.026715080561213723,0.026715080561213723,Red-favored,setup_runes_spells,288
BlueChamp_34,0.026701815031959,0.026701815031959,Blue-favored,champion_composition,289
BlueChamp_44,0.026689901295486644,0.026689901295486644,Blue-favored,champion_composition,290
SummonerSpell2_P2_13,-0.02652313118727965,0.02652313118727965,Red-favored,setup_runes_spells,291
BlueChamp_78,0.026509199460148878,0.026509199460148878,Blue-favored,champion_composition,292
SummonerSpell2_P2_21,0.026126931650668248,0.026126931650668248,Blue-favored,setup_runes_spells,293
Lane_P7_BOTTOM,-0.026125928521045953,0.026125928521045953,Red-favored,lane_position,294
PrimaryKeyStone_P4_8369,0.026078580651819446,0.026078580651819446,Blue-favored,setup_runes_spells,295
BlueChamp_887,0.025981346581199195,0.025981346581199195,Blue-favored,champion_composition,296
Lane_P4_JUNGLE,-0.02589117069906194,0.02589117069906194,Red-favored,lane_position,297
RedChamp_122,0.025856331868208227,0.025856331868208227,Blue-favored,champion_composition,298
RedChamp_804,0.025635455143479924,0.025635455143479924,Blue-favored,champion_composition,299
SummonerSpell2_P8_3,-0.025514720450575467,0.025514720450575467,Red-favored,setup_runes_spells,300
PrimaryKeyStone_P2_8112,-0.02551254227159069,0.02551254227159069,Red-favored,setup_runes_spells,301
assists_P8,0.025450720015735586,0.025450720015735586,Blue-favored,player_level_stats,302
RedChamp_27,-0.025403670546697312,0.025403670546697312,Red-favored,champion_composition,303
PrimaryKeyStone_P9_8369,-0.02539987647634875,0.02539987647634875,Red-favored,setup_runes_spells,304
BlueChamp_134,-0.025330442528842704,0.025330442528842704,Red-favored,champion_composition,305
SummonerSpell1_P3_14,-0.025262419990001835,0.025262419990001835,Red-favored,setup_runes_spells,306
RedChamp_234,0.02518305265668045,0.02518305265668045,Blue-favored,champion_composition,307
SummonerSpell2_P7_21,0.025120742686479132,0.025120742686479132,Blue-favored,setup_runes_spells,308
RedChamp_76,0.02503618196474484,0.02503618196474484,Blue-favored,champion_composition,309
RedChamp_555,0.024992916103441593,0.024992916103441593,Blue-favored,champion_composition,310
RedChamp_39,0.024924719558762794,0.024924719558762794,Blue-favored,champion_composition,311
RedChamp_22,0.024903590822760054,0.024903590822760054,Blue-favored,champion_composition,312
SummonerSpell1_P9_3,0.024764666926730815,0.024764666926730815,Blue-favored,setup_runes_spells,313
RedChamp_41,-0.02470424917291243,0.02470424917291243,Red-favored,champion_composition,314
RedChamp_412,-0.024656106916667097,0.024656106916667097,Red-favored,champion_composition,315
RedChamp_107,0.024641397956391434,0.024641397956391434,Blue-favored,champion_composition,316
assists_P9,0.024613481911919106,0.024613481911919106,Blue-favored,player_level_stats,317
SummonerSpell2_P3_4,0.024518664886455082,0.024518664886455082,Blue-favored,setup_runes_spells,318
RedChamp_238,0.024460021991892546,0.024460021991892546,Blue-favored,champion_composition,319
QueueType_ARAM,-0.024361825926605372,0.024361825926605372,Red-favored,queue_type,320
PrimaryKeyStone_P2_8465,0.024360696889291343,0.024360696889291343,Blue-favored,setup_runes_spells,321
BlueChamp_526,0.024342523873225903,0.024342523873225903,Blue-favored,champion_composition,322
BlueChamp_43,-0.024317784002163795,0.024317784002163795,Red-favored,champion_composition,323
RedChamp_350,-0.024265752153313492,0.024265752153313492,Red-favored,champion_composition,324
BlueChamp_98,0.024229822616210463,0.024229822616210463,Blue-favored,champion_composition,325
BlueKills,0.024099840374454465,0.024099840374454465,Blue-favored,objective_counts,326
RedChamp_24,-0.02405563044761057,0.02405563044761057,Red-favored,champion_composition,327
SummonerSpell2_P9_7,0.024047320762359305,0.024047320762359305,Blue-favored,setup_runes_spells,328
DmgTaken_P4,0.023998897834369193,0.023998897834369193,Blue-favored,player_level_stats,329
deaths_P4,0.023975918941402392,0.023975918941402392,Blue-favored,player_level_stats,330
RedChamp_6,-0.02394989891652843,0.02394989891652843,Red-favored,champion_composition,331
SummonerSpell1_P8_6,-0.023911936482483638,0.023911936482483638,Red-favored,setup_runes_spells,332
RedTowerKills,0.023746568253096977,0.023746568253096977,Blue-favored,objective_counts,333
BlueChamp_21,-0.02370560137443832,0.02370560137443832,Red-favored,champion_composition,334
PrimaryKeyStone_P9_8230,-0.02365812547159189,0.02365812547159189,Red-favored,setup_runes_spells,335
DmgTaken_P10,-0.023530098701330625,0.023530098701330625,Red-favored,player_level_stats,336
RedChamp_80,0.023501616096422435,0.023501616096422435,Blue-favored,champion_composition,337
SummonerSpell1_P1_11,0.02336229827379269,0.02336229827379269,Blue-favored,setup_runes_spells,338
MinionsKilled_P8,0.02333087230373989,0.02333087230373989,Blue-favored,player_level_stats,339
SummonerSpell2_P6_3,-0.02331193446788134,0.02331193446788134,Red-favored,setup_runes_spells,340
RedChamp_77,0.02318846774615187,0.02318846774615187,Blue-favored,champion_composition,341
BlueChamp_18,-0.023173119011648934,0.023173119011648934,Red-favored,champion_composition,342
PrimaryKeyStone_P7_8128,0.02299344389084986,0.02299344389084986,Blue-favored,setup_runes_spells,343
PrimaryKeyStone_P6_8021,0.022969245882544558,0.022969245882544558,Blue-favored,setup_runes_spells,344
PrimaryKeyStone_P8_8112,0.022828608119556056,0.022828608119556056,Blue-favored,setup_runes_spells,345
BlueChamp_35,0.02273561685705225,0.02273561685705225,Blue-favored,champion_composition,346
SummonerSpell2_P5_3,0.022650266735917125,0.022650266735917125,Blue-favored,setup_runes_spells,347
BlueChamp_234,-0.022647525901540542,0.022647525901540542,Red-favored,champion_composition,348
RedChamp_432,-0.022485133449139286,0.022485133449139286,Red-favored,champion_composition,349
SummonerSpell2_P1_6,0.022472981687849027,0.022472981687849027,Blue-favored,setup_runes_spells,350
BlueChamp_74,-0.02236332693801971,0.02236332693801971,Red-favored,champion_composition,351
RedChamp_69,0.02234329109741677,0.02234329109741677,Blue-favored,champion_composition,352
SummonerSpell2_P6_6,-0.02231312024035495,0.02231312024035495,Red-favored,setup_runes_spells,353
SummonerSpell1_P2_32,0.022286670956101255,0.022286670956101255,Blue-favored,setup_runes_spells,354
Lane_P1_MIDDLE,0.022226938494413123,0.022226938494413123,Blue-favored,lane_position,355
RedChamp_498,0.022198686322756192,0.022198686322756192,Blue-favored,champion_composition,356
SummonerSpell2_P7_12,0.022150489872536653,0.022150489872536653,Blue-favored,setup_runes_spells,357
RedChamp_12,-0.022139688473509053,0.022139688473509053,Red-favored,champion_composition,358
PrimaryKeyStone_P1_8214,-0.022081360647694715,0.022081360647694715,Red-favored,setup_runes_spells,359
BlueChamp_92,-0.022052478098614783,0.022052478098614783,Red-favored,champion_composition,360
BlueChamp_154,0.022045174419876225,0.022045174419876225,Blue-favored,champion_composition,361
SummonerSpell1_P6_6,-0.02201595161638044,0.02201595161638044,Red-favored,setup_runes_spells,362
SummonerSpell2_P10_32,-0.021852686110378883,0.021852686110378883,Red-favored,setup_runes_spells,363
BlueChamp_3,0.021846919451453378,0.021846919451453378,Blue-favored,champion_composition,364
BlueChamp_48,0.021833252615792102,0.021833252615792102,Blue-favored,champion_composition,365
RedChamp_1,-0.021804455309583044,0.021804455309583044,Red-favored,champion_composition,366
PrimaryKeyStone_P9_8229,0.021788206733191,0.021788206733191,Blue-favored,setup_runes_spells,367
SummonerSpell1_P5_1,-0.021779444034349574,0.021779444034349574,Red-favored,setup_runes_spells,368
PrimaryKeyStone_P7_8439,-0.02174119699025233,0.02174119699025233,Red-favored,setup_runes_spells,369
PrimaryKeyStone_P4_8010,0.02151042077892207,0.02151042077892207,Blue-favored,setup_runes_spells,370
SummonerSpell1_P3_4,0.021282031617971344,0.021282031617971344,Blue-favored,setup_runes_spells,371
RedChamp_131,0.02083223520089959,0.02083223520089959,Blue-favored,champion_composition,372
RedChamp_35,-0.0206418283575894,0.0206418283575894,Red-favored,champion_composition,373
RedChamp_28,-0.020626094598051096,0.020626094598051096,Red-favored,champion_composition,374
BlueChamp_127,0.020514880873140667,0.020514880873140667,Blue-favored,champion_composition,375
BlueChamp_875,0.02049626711403717,0.02049626711403717,Blue-favored,champion_composition,376
BlueChamp_133,-0.02045585086759638,0.02045585086759638,Red-favored,champion_composition,377
SummonerSpell1_P7_1,-0.020404430135224392,0.020404430135224392,Red-favored,setup_runes_spells,378
PrimaryKeyStone_P6_8008,-0.020401492608386227,0.020401492608386227,Red-favored,setup_runes_spells,379
DmgTaken_P5,0.020346794699910742,0.020346794699910742,Blue-favored,player_level_stats,380
PrimaryKeyStone_P1_8128,-0.020341777722175387,0.020341777722175387,Red-favored,setup_runes_spells,381
PrimaryKeyStone_P5_8214,0.020337572075818332,0.020337572075818332,Blue-favored,setup_runes_spells,382
kills_P8,0.020257102757415893,0.020257102757415893,Blue-favored,player_level_stats,383
PrimaryKeyStone_P5_8439,0.020021175705844985,0.020021175705844985,Blue-favored,setup_runes_spells,384
kills_P1,-0.019918643731609974,0.019918643731609974,Red-favored,player_level_stats,385
SummonerSpell2_P1_3,0.019895061600056715,0.019895061600056715,Blue-favored,setup_runes_spells,386
SummonerSpell1_P10_1,0.019809246448406273,0.019809246448406273,Blue-favored,setup_runes_spells,387
PrimaryKeyStone_P9_8128,0.019791650324643282,0.019791650324643282,Blue-favored,setup_runes_spells,388
PrimaryKeyStone_P4_8008,0.019755946966898263,0.019755946966898263,Blue-favored,setup_runes_spells,389
SummonerSpell2_P3_21,-0.019733237354179964,0.019733237354179964,Red-favored,setup_runes_spells,390
SummonerSpell1_P2_14,-0.01971671605561981,0.01971671605561981,Red-favored,setup_runes_spells,391
RedChamp_99,0.019714266337634366,0.019714266337634366,Blue-favored,champion_composition,392
Lane_P6_MIDDLE,0.019697643808564272,0.019697643808564272,Blue-favored,lane_position,393
SummonerSpell1_P1_6,0.01967593237425382,0.01967593237425382,Blue-favored,setup_runes_spells,394
PrimaryKeyStone_P10_8112,0.019626485432088427,0.019626485432088427,Blue-favored,setup_runes_spells,395
PrimaryKeyStone_P4_9923,-0.01962554688085539,0.01962554688085539,Red-favored,setup_runes_spells,396
BlueChamp_30,-0.019447497587435587,0.019447497587435587,Red-favored,champion_composition,397
SummonerSpell1_P10_13,0.01940782779649911,0.01940782779649911,Blue-favored,setup_runes_spells,398
SummonerSpell1_P9_4,-0.01933485634171433,0.01933485634171433,Red-favored,setup_runes_spells,399
SummonerSpell2_P9_14,0.0191718657265016,0.0191718657265016,Blue-favored,setup_runes_spells,400
SummonerSpell2_P8_1,0.019130780883635002,0.019130780883635002,Blue-favored,setup_runes_spells,401
BlueChamp_555,-0.019051822578702058,0.019051822578702058,Red-favored,champion_composition,402
PrimaryKeyStone_P8_8437,-0.019038520881909497,0.019038520881909497,Red-favored,setup_runes_spells,403
PrimaryKeyStone_P4_8229,-0.018961558439687377,0.018961558439687377,Red-favored,setup_runes_spells,404
SummonerSpell2_P1_14,0.018878286923405544,0.018878286923405544,Blue-favored,setup_runes_spells,405
BlueChamp_498,-0.018848409360035817,0.018848409360035817,Red-favored,champion_composition,406
BlueChamp_67,0.018750485706291252,0.018750485706291252,Blue-favored,champion_composition,407
PrimaryKeyStone_P7_9923,0.018665147975350273,0.018665147975350273,Blue-favored,setup_runes_spells,408
RedChamp_897,0.01861166783065441,0.01861166783065441,Blue-favored,champion_composition,409
Lane_P5_TOP,-0.01854274447652586,0.01854274447652586,Red-favored,lane_position,410
SummonerSpell1_P10_12,0.018448190948145076,0.018448190948145076,Blue-favored,setup_runes_spells,411
RedChamp_245,-0.01841740101035528,0.01841740101035528,Red-favored,champion_composition,412
Diff_kills,0.01837642661039118,0.01837642661039118,Blue-favored,aggregate_difference,413
SummonerSpell2_P7_14,0.018303384386687695,0.018303384386687695,Blue-favored,setup_runes_spells,414
BlueChamp_142,-0.018169293146745834,0.018169293146745834,Red-favored,champion_composition,415
PrimaryKeyStone_P10_8230,-0.018125310012915334,0.018125310012915334,Red-favored,setup_runes_spells,416
SummonerSpell1_P10_14,0.018049563538151268,0.018049563538151268,Blue-favored,setup_runes_spells,417
BlueChamp_40,0.018034924637978386,0.018034924637978386,Blue-favored,champion_composition,418
RedChamp_518,0.01801743567380488,0.01801743567380488,Blue-favored,champion_composition,419
SummonerSpell2_P8_4,-0.01800766747071706,0.01800766747071706,Red-favored,setup_runes_spells,420
kills_P4,-0.01795893132679063,0.01795893132679063,Red-favored,player_level_stats,421
BlueChamp_55,0.017933737300438835,0.017933737300438835,Blue-favored,champion_composition,422
BlueChamp_895,0.017924826076642333,0.017924826076642333,Blue-favored,champion_composition,423
SummonerSpell1_P3_12,-0.01777389448479399,0.01777389448479399,Red-favored,setup_runes_spells,424
deaths_P6,0.01776959431843338,0.01776959431843338,Blue-favored,player_level_stats,425
SummonerSpell2_P1_32,-0.017674683555534497,0.017674683555534497,Red-favored,setup_runes_spells,426
DmgTaken_P8,-0.017644332797027797,0.017644332797027797,Red-favored,player_level_stats,427
RedChamp_161,0.017562401503181856,0.017562401503181856,Blue-favored,champion_composition,428
SummonerSpell1_P10_21,0.01747386821658968,0.01747386821658968,Blue-favored,setup_runes_spells,429
PrimaryKeyStone_P1_8008,-0.017454055667005877,0.017454055667005877,Red-favored,setup_runes_spells,430
Lane_P8_BOTTOM,-0.01740208248236592,0.01740208248236592,Red-favored,lane_position,431
BlueChamp_69,-0.01735236505893833,0.01735236505893833,Red-favored,champion_composition,432
BlueChamp_16,0.017331429309312765,0.017331429309312765,Blue-favored,champion_composition,433
SummonerSpell1_P5_32,-0.017293261497308844,0.017293261497308844,Red-favored,setup_runes_spells,434
PrimaryKeyStone_P7_8008,-0.017285182631107815,0.017285182631107815,Red-favored,setup_runes_spells,435
RedChamp_120,0.017261521679528245,0.017261521679528245,Blue-favored,champion_composition,436
Lane_P5_JUNGLE,0.017212343447554644,0.017212343447554644,Blue-favored,lane_position,437
RedChamp_62,-0.01719450422088191,0.01719450422088191,Red-favored,champion_composition,438
PrimaryKeyStone_P3_8112,-0.017190237482357658,0.017190237482357658,Red-favored,setup_runes_spells,439
RedChamp_83,-0.017048198373384886,0.017048198373384886,Red-favored,champion_composition,440
BlueChamp_164,0.016936405617308144,0.016936405617308144,Blue-favored,champion_composition,441
SummonerSpell1_P8_32,-0.016892259762745037,0.016892259762745037,Red-favored,setup_runes_spells,442
SummonerSpell1_P6_3,-0.016881461312636972,0.016881461312636972,Red-favored,setup_runes_spells,443
PrimaryKeyStone_P3_9923,-0.01685261239799318,0.01685261239799318,Red-favored,setup_runes_spells,444
PrimaryKeyStone_P3_8360,0.016779350627350025,0.016779350627350025,Blue-favored,setup_runes_spells,445
PrimaryKeyStone_P3_8465,0.016749432397056657,0.016749432397056657,Blue-favored,setup_runes_spells,446
PrimaryKeyStone_P8_8005,0.01673098966599535,0.01673098966599535,Blue-favored,setup_runes_spells,447
SummonerSpell1_P7_7,0.01655275544813803,0.01655275544813803,Blue-favored,setup_runes_spells,448
RedChamp_72,-0.01651381203342031,0.01651381203342031,Red-favored,champion_composition,449
SummonerSpell2_P5_11,0.01648677695809389,0.01648677695809389,Blue-favored,setup_runes_spells,450
SummonerSpell1_P1_13,0.01644515328212229,0.01644515328212229,Blue-favored,setup_runes_spells,451
BlueChamp_350,-0.016442777289500804,0.016442777289500804,Red-favored,champion_composition,452
BlueChamp_107,-0.016359212369965306,0.016359212369965306,Red-favored,champion_composition,453
PrimaryKeyStone_P10_8351,-0.016272364996444494,0.016272364996444494,Red-favored,setup_runes_spells,454
RedChamp_67,-0.016249712454246674,0.016249712454246674,Red-favored,champion_composition,455
PrimaryKeyStone_P8_8439,-0.016198070797718334,0.016198070797718334,Red-favored,setup_runes_spells,456
PrimaryKeyStone_P4_8439,-0.01619709463832134,0.01619709463832134,Red-favored,setup_runes_spells,457
SummonerSpell2_P7_13,0.016190709812696734,0.016190709812696734,Blue-favored,setup_runes_spells,458
RedChamp_143,-0.01611166494311613,0.01611166494311613,Red-favored,champion_composition,459
SummonerSpell1_P5_3,0.01602687446680343,0.01602687446680343,Blue-favored,setup_runes_spells,460
PrimaryKeyStone_P1_8437,0.01602686763115645,0.01602686763115645,Blue-favored,setup_runes_spells,461
SummonerSpell2_P1_11,-0.01595120904099756,0.01595120904099756,Red-favored,setup_runes_spells,462
Red_kills_sum,-0.015936765189073273,0.015936765189073273,Red-favored,team_aggregate,463
Red_kills_avg,-0.01593676518907326,0.01593676518907326,Red-favored,team_aggregate,464
PrimaryKeyStone_P9_8008,-0.01588361854275073,0.01588361854275073,Red-favored,setup_runes_spells,465
BlueChamp_166,-0.01584065337938643,0.01584065337938643,Red-favored,champion_composition,466
QueueType_URF,0.0157740327279149,0.0157740327279149,Blue-favored,queue_type,467
PrimaryKeyStone_P2_8128,-0.015629670297689063,0.015629670297689063,Red-favored,setup_runes_spells,468
PrimaryKeyStone_P9_9923,-0.015624725187417856,0.015624725187417856,Red-favored,setup_runes_spells,469
PrimaryKeyStone_P6_8465,-0.015594098801598847,0.015594098801598847,Red-favored,setup_runes_spells,470
Lane_P6_BOTTOM,-0.015574966190906593,0.015574966190906593,Red-favored,lane_position,471
SummonerSpell1_P8_13,0.015545629323288599,0.015545629323288599,Blue-favored,setup_runes_spells,472
SummonerSpell1_P7_32,0.0155245393838871,0.0155245393838871,Blue-favored,setup_runes_spells,473
SummonerSpell1_P4_13,-0.015488408187583945,0.015488408187583945,Red-favored,setup_runes_spells,474
SummonerSpell1_P7_14,0.015355005495189271,0.015355005495189271,Blue-favored,setup_runes_spells,475
RedChamp_84,0.015342606091243266,0.015342606091243266,Blue-favored,champion_composition,476
SummonerSpell1_P5_14,0.015296367913987047,0.015296367913987047,Blue-favored,setup_runes_spells,477
PrimaryKeyStone_P6_8369,-0.01527242317922669,0.01527242317922669,Red-favored,setup_runes_spells,478
BlueChamp_420,-0.015271883550127954,0.015271883550127954,Red-favored,champion_composition,479
Lane_P3_JUNGLE,-0.01526851605311047,0.01526851605311047,Red-favored,lane_position,480
RedChamp_164,-0.015158280623226647,0.015158280623226647,Red-favored,champion_composition,481
SummonerSpell2_P10_14,0.01514551417309606,0.01514551417309606,Blue-favored,setup_runes_spells,482
RedChamp_59,0.015095497310836052,0.015095497310836052,Blue-favored,champion_composition,483
PrimaryKeyStone_P8_8128,-0.015056653336158554,0.015056653336158554,Red-favored,setup_runes_spells,484
RedChamp_13,0.015055913147734903,0.015055913147734903,Blue-favored,champion_composition,485
assists_P3,-0.015026450745255117,0.015026450745255117,Red-favored,player_level_stats,486
SummonerSpell1_P4_6,0.014962788070622464,0.014962788070622464,Blue-favored,setup_runes_spells,487
SummonerSpell1_P7_12,0.014927279967247326,0.014927279967247326,Blue-favored,setup_runes_spells,488
SummonerSpell2_P3_13,0.014910799386629679,0.014910799386629679,Blue-favored,setup_runes_spells,489
PrimaryKeyStone_P6_8230,-0.014908970768253652,0.014908970768253652,Red-favored,setup_runes_spells,490
RedChamp_102,-0.014854204684911717,0.014854204684911717,Red-favored,champion_composition,491
BlueChamp_79,0.014829847739146832,0.014829847739146832,Blue-favored,champion_composition,492
Lane_P10_BOTTOM,0.014656488028186553,0.014656488028186553,Blue-favored,lane_position,493
SummonerSpell2_P5_6,-0.014524799448716194,0.014524799448716194,Red-favored,setup_runes_spells,494
PrimaryKeyStone_P8_8465,0.014514384475229753,0.014514384475229753,Blue-favored,setup_runes_spells,495
SummonerSpell2_P10_11,-0.014500494502365865,0.014500494502365865,Red-favored,setup_runes_spells,496
SummonerSpell2_P4_7,-0.014463880165287265,0.014463880165287265,Red-favored,setup_runes_spells,497
RedChamp_429,0.014418176152564188,0.014418176152564188,Blue-favored,champion_composition,498
PrimaryKeyStone_P5_8437,-0.01439057323634069,0.01439057323634069,Red-favored,setup_runes_spells,499
PrimaryKeyStone_P6_8010,-0.014356108678482091,0.014356108678482091,Red-favored,setup_runes_spells,500
deaths_P5,0.014240845644212723,0.014240845644212723,Blue-favored,player_level_stats,501
RedChamp_61,0.014200782399068348,0.014200782399068348,Blue-favored,champion_composition,502
PrimaryKeyStone_P9_8021,0.014179371546660236,0.014179371546660236,Blue-favored,setup_runes_spells,503
SummonerSpell1_P4_7,-0.014130298691450898,0.014130298691450898,Red-favored,setup_runes_spells,504
PrimaryKeyStone_P5_8351,0.014116441201599085,0.014116441201599085,Blue-favored,setup_runes_spells,505
PrimaryKeyStone_P6_8128,0.014107746619820867,0.014107746619820867,Blue-favored,setup_runes_spells,506
BlueChamp_112,-0.014035808684777183,0.014035808684777183,Red-favored,champion_composition,507
Lane_P3_TOP,0.014028422363630643,0.014028422363630643,Blue-favored,lane_position,508
RedChamp_235,-0.013989759842289439,0.013989759842289439,Red-favored,champion_composition,509
SummonerSpell1_P1_21,-0.013952720801716528,0.013952720801716528,Red-favored,setup_runes_spells,510
SummonerSpell2_P9_1,-0.01395104261686251,0.01395104261686251,Red-favored,setup_runes_spells,511
SummonerSpell2_P7_6,0.013913621113308478,0.013913621113308478,Blue-favored,setup_runes_spells,512
SummonerSpell1_P2_3,0.013903968480151062,0.013903968480151062,Blue-favored,setup_runes_spells,513
Lane_P8_SUPPORT,0.013875361678703428,0.013875361678703428,Blue-favored,lane_position,514
Lane_P2_JUNGLE,0.01382655681557455,0.01382655681557455,Blue-favored,lane_position,515
SummonerSpell2_P10_7,0.013770185875357723,0.013770185875357723,Blue-favored,setup_runes_spells,516
SummonerSpell1_P3_1,-0.013702246341200788,0.013702246341200788,Red-favored,setup_runes_spells,517
RedChamp_7,0.013690871044050191,0.013690871044050191,Blue-favored,champion_composition,518
Lane_P3_SUPPORT,-0.013677403050853335,0.013677403050853335,Red-favored,lane_position,519
SummonerSpell2_P6_13,0.013550584192410575,0.013550584192410575,Blue-favored,setup_runes_spells,520
RedChamp_233,0.013379515821273566,0.013379515821273566,Blue-favored,champion_composition,521
SummonerSpell2_P9_6,0.013356030629705048,0.013356030629705048,Blue-favored,setup_runes_spells,522
PrimaryKeyStone_P8_8230,-0.013308765432395363,0.013308765432395363,Red-favored,setup_runes_spells,523
SummonerSpell2_P8_32,-0.013227299559772376,0.013227299559772376,Red-favored,setup_runes_spells,524
RedChamp_112,-0.013218107621637101,0.013218107621637101,Red-favored,champion_composition,525
SummonerSpell1_P8_4,-0.013210884875272794,0.013210884875272794,Red-favored,setup_runes_spells,526
PrimaryKeyStone_P8_8351,0.013202672976156205,0.013202672976156205,Blue-favored,setup_runes_spells,527
Lane_P1_SUPPORT,0.01318764885196091,0.01318764885196091,Blue-favored,lane_position,528
RedChamp_55,-0.013175349722707713,0.013175349722707713,Red-favored,champion_composition,529
MinionsKilled_P1,-0.013113890738373624,0.013113890738373624,Red-favored,player_level_stats,530
PrimaryKeyStone_P2_8010,0.013111205379334233,0.013111205379334233,Blue-favored,setup_runes_spells,531
SummonerSpell1_P2_11,-0.013090972564000283,0.013090972564000283,Red-favored,setup_runes_spells,532
SummonerSpell1_P4_21,-0.013037020708648534,0.013037020708648534,Red-favored,setup_runes_spells,533
PrimaryKeyStone_P3_8010,0.013018812034656393,0.013018812034656393,Blue-favored,setup_runes_spells,534
RedChamp_57,-0.01301359810676159,0.01301359810676159,Red-favored,champion_composition,535
BlueChamp_53,0.012949101470206274,0.012949101470206274,Blue-favored,champion_composition,536
BlueChamp_5,0.012907453418772382,0.012907453418772382,Blue-favored,champion_composition,537
SummonerSpell1_P8_11,0.012898843608898333,0.012898843608898333,Blue-favored,setup_runes_spells,538
RedChamp_266,0.012895847221894685,0.012895847221894685,Blue-favored,champion_composition,539
RedChamp_114,-0.012895761547487153,0.012895761547487153,Red-favored,champion_composition,540
RedChamp_40,-0.012894179827189885,0.012894179827189885,Red-favored,champion_composition,541
SummonerSpell1_P5_12,-0.012883573521807511,0.012883573521807511,Red-favored,setup_runes_spells,542
BlueChamp_24,0.0128097675122029,0.0128097675122029,Blue-favored,champion_composition,543
DmgDealt_P1,-0.0127341904858845,0.0127341904858845,Red-favored,player_level_stats,544
BlueChamp_84,-0.012719661765743306,0.012719661765743306,Red-favored,champion_composition,545
SummonerSpell1_P9_7,0.01267040563734553,0.01267040563734553,Blue-favored,setup_runes_spells,546
BlueChamp_104,0.012656955819829774,0.012656955819829774,Blue-favored,champion_composition,547
RedChamp_799,-0.012597714940105977,0.012597714940105977,Red-favored,champion_composition,548
BlueChamp_799,0.012578952621224274,0.012578952621224274,Blue-favored,champion_composition,549
RedChamp_90,-0.01255936994091585,0.01255936994091585,Red-favored,champion_composition,550
PrimaryKeyStone_P2_8008,0.012432584483023841,0.012432584483023841,Blue-favored,setup_runes_spells,551
BlueChamp_1,0.01241442080988582,0.01241442080988582,Blue-favored,champion_composition,552
BlueChamp_29,-0.01233886386908296,0.01233886386908296,Red-favored,champion_composition,553
RedChamp_92,0.012306769032348473,0.012306769032348473,Blue-favored,champion_composition,554
RedChamp_127,-0.012294347668948062,0.012294347668948062,Red-favored,champion_composition,555
PrimaryKeyStone_P5_8465,0.012208051758518005,0.012208051758518005,Blue-favored,setup_runes_spells,556
SummonerSpell1_P2_6,0.012135501098055978,0.012135501098055978,Blue-favored,setup_runes_spells,557
PrimaryKeyStone_P3_8005,0.012121147037116224,0.012121147037116224,Blue-favored,setup_runes_spells,558
PrimaryKeyStone_P1_8439,-0.012088854150739983,0.012088854150739983,Red-favored,setup_runes_spells,559
BlueChamp_20,-0.012065737989422046,0.012065737989422046,Red-favored,champion_composition,560
BlueChamp_15,-0.01203960095959709,0.01203960095959709,Red-favored,champion_composition,561
BlueChamp_23,0.012009234250289231,0.012009234250289231,Blue-favored,champion_composition,562
BlueChamp_235,0.011946810613602107,0.011946810613602107,Blue-favored,champion_composition,563
PrimaryKeyStone_P1_8369,0.01186277239610408,0.01186277239610408,Blue-favored,setup_runes_spells,564
SummonerSpell1_P8_1,0.011854865611320221,0.011854865611320221,Blue-favored,setup_runes_spells,565
PrimaryKeyStone_P5_8021,-0.01179833010099542,0.01179833010099542,Red-favored,setup_runes_spells,566
BlueChamp_233,0.011727120884304663,0.011727120884304663,Blue-favored,champion_composition,567
kills_P6,-0.011707398377416321,0.011707398377416321,Red-favored,player_level_stats,568
BlueChamp_203,-0.011677558051083099,0.011677558051083099,Red-favored,champion_composition,569
PrimaryKeyStone_P6_8439,-0.011664441490411539,0.011664441490411539,Red-favored,setup_runes_spells,570
Lane_P9_MIDDLE,-0.011662621511698572,0.011662621511698572,Red-favored,lane_position,571
RedChamp_420,0.011618413632768223,0.011618413632768223,Blue-favored,champion_composition,572
PrimaryKeyStone_P4_8437,0.011603194318910328,0.011603194318910328,Blue-favored,setup_runes_spells,573
BlueChamp_412,0.011572073087032418,0.011572073087032418,Blue-favored,champion_composition,574
RedChamp_268,0.011494530819922626,0.011494530819922626,Blue-favored,champion_composition,575
SummonerSpell1_P1_3,0.011464723550976256,0.011464723550976256,Blue-favored,setup_runes_spells,576
SummonerSpell2_P1_13,-0.011447194035599146,0.011447194035599146,Red-favored,setup_runes_spells,577
Lane_P8_JUNGLE,0.011406495701567262,0.011406495701567262,Blue-favored,lane_position,578
Lane_P9_JUNGLE,0.011406190588609082,0.011406190588609082,Blue-favored,lane_position,579
PrimaryKeyStone_P2_8437,-0.011368497684717075,0.011368497684717075,Red-favored,setup_runes_spells,580
BlueChamp_268,0.011210937313822349,0.011210937313822349,Blue-favored,champion_composition,581
Lane_P9_SUPPORT,-0.011181241714253661,0.011181241714253661,Red-favored,lane_position,582
PrimaryKeyStone_P2_8214,-0.011137801983446473,0.011137801983446473,Red-favored,setup_runes_spells,583
BlueChamp_82,0.011044869789049405,0.011044869789049405,Blue-favored,champion_composition,584
PrimaryKeyStone_P6_8229,0.011036657717966272,0.011036657717966272,Blue-favored,setup_runes_spells,585
BlueChamp_61,-0.011000416124968208,0.011000416124968208,Red-favored,champion_composition,586
RedChamp_222,0.010981811735349612,0.010981811735349612,Blue-favored,champion_composition,587
BlueChamp_41,-0.010948545402513884,0.010948545402513884,Red-favored,champion_composition,588
SummonerSpell1_P6_7,-0.01094033136259701,0.01094033136259701,Red-favored,setup_runes_spells,589
Lane_P10_SUPPORT,-0.01093799894110233,0.01093799894110233,Red-favored,lane_position,590
RedChamp_147,0.010920570872992,0.010920570872992,Blue-favored,champion_composition,591
SummonerSpell2_P9_13,-0.010901925281385862,0.010901925281385862,Red-favored,setup_runes_spells,592
RedChamp_50,-0.010893423197316,0.010893423197316,Red-favored,champion_composition,593
SummonerSpell2_P10_12,0.010889183441141889,0.010889183441141889,Blue-favored,setup_runes_spells,594
PrimaryKeyStone_P2_8360,-0.010867003207395734,0.010867003207395734,Red-favored,setup_runes_spells,595
SummonerSpell2_P5_12,-0.010831532265451525,0.010831532265451525,Red-favored,setup_runes_spells,596
PrimaryKeyStone_P8_8008,-0.01073862745038989,0.01073862745038989,Red-favored,setup_runes_spells,597
RedChamp_117,-0.010721512036959736,0.010721512036959736,Red-favored,champion_composition,598
RedChamp_68,0.010719325267890338,0.010719325267890338,Blue-favored,champion_composition,599
SummonerSpell2_P5_14,0.010716506910918347,0.010716506910918347,Blue-favored,setup_runes_spells,600
PrimaryKeyStone_P9_8214,-0.010689026844832531,0.010689026844832531,Red-favored,setup_runes_spells,601
SummonerSpell1_P7_6,0.010676479136434654,0.010676479136434654,Blue-favored,setup_runes_spells,602
PrimaryKeyStone_P1_8360,0.010609130481835314,0.010609130481835314,Blue-favored,setup_runes_spells,603
BlueChamp_200,0.01056870817013978,0.01056870817013978,Blue-favored,champion_composition,604
DmgTaken_P7,-0.01056467590388675,0.01056467590388675,Red-favored,player_level_stats,605
BlueChamp_4,-0.010545449196331342,0.010545449196331342,Red-favored,champion_composition,606
BlueChamp_147,-0.010530076594422632,0.010530076594422632,Red-favored,champion_composition,607
PrimaryKeyStone_P8_8229,0.010524358415454316,0.010524358415454316,Blue-favored,setup_runes_spells,608
SummonerSpell1_P4_1,-0.010510297310690295,0.010510297310690295,Red-favored,setup_runes_spells,609
RedChamp_254,0.010510273046901353,0.010510273046901353,Blue-favored,champion_composition,610
BlueChamp_518,-0.010503905100134074,0.010503905100134074,Red-favored,champion_composition,611
SummonerSpell1_P4_14,-0.010456533437562414,0.010456533437562414,Red-favored,setup_runes_spells,612
PrimaryKeyStone_P10_8439,-0.010422687418120222,0.010422687418120222,Red-favored,setup_runes_spells,613
RedKills,0.010405728180559435,0.010405728180559435,Blue-favored,objective_counts,614
SummonerSpell1_P3_32,0.010350202286988507,0.010350202286988507,Blue-favored,setup_runes_spells,615
SummonerSpell1_P3_13,-0.010285257130759446,0.010285257130759446,Red-favored,setup_runes_spells,616
SummonerSpell2_P4_21,-0.010248394030358147,0.010248394030358147,Red-favored,setup_runes_spells,617
RedChamp_60,0.010244578060403468,0.010244578060403468,Blue-favored,champion_composition,618
PrimaryKeyStone_P10_9923,0.010187569795462108,0.010187569795462108,Blue-favored,setup_runes_spells,619
RedChamp_777,-0.010106243511565754,0.010106243511565754,Red-favored,champion_composition,620
Lane_P7_MIDDLE,0.01009921808621875,0.01009921808621875,Blue-favored,lane_position,621
SummonerSpell1_P6_12,-0.010089634923895505,0.010089634923895505,Red-favored,setup_runes_spells,622
PrimaryKeyStone_P7_8437,0.01007655304846354,0.01007655304846354,Blue-favored,setup_runes_spells,623
RedChamp_33,-0.010061044802779305,0.010061044802779305,Red-favored,champion_composition,624
RedChamp_79,-0.009997713597427333,0.009997713597427333,Red-favored,champion_composition,625
BlueChamp_421,0.009988643554351745,0.009988643554351745,Blue-favored,champion_composition,626
BlueChamp_254,0.00994337172485813,0.00994337172485813,Blue-favored,champion_composition,627
SummonerSpell1_P9_12,-0.00991677567630215,0.00991677567630215,Red-favored,setup_runes_spells,628
SummonerSpell1_P10_32,0.009881522030796133,0.009881522030796133,Blue-favored,setup_runes_spells,629
PrimaryKeyStone_P1_9923,-0.00987475736303398,0.00987475736303398,Red-favored,setup_runes_spells,630
Lane_P5_BOTTOM,-0.009874252184137405,0.009874252184137405,Red-favored,lane_position,631
SummonerSpell1_P10_11,-0.009860715474383143,0.009860715474383143,Red-favored,setup_runes_spells,632
RedChamp_3,0.009780346926813378,0.009780346926813378,Blue-favored,champion_composition,633
RedChamp_133,0.009765642776968737,0.009765642776968737,Blue-favored,champion_composition,634
QueueType_CLASSIC,-0.009645531349863625,0.009645531349863625,Red-favored,queue_type,635
PrimaryKeyStone_P8_8010,-0.00963214041909824,0.00963214041909824,Red-favored,setup_runes_spells,636
BlueChamp_876,0.009630702319355653,0.009630702319355653,Blue-favored,champion_composition,637
PrimaryKeyStone_P1_8230,0.009613753083504737,0.009613753083504737,Blue-favored,setup_runes_spells,638
PrimaryKeyStone_P9_8465,0.009562607763450607,0.009562607763450607,Blue-favored,setup_runes_spells,639
RedChamp_526,-0.009526295603991757,0.009526295603991757,Red-favored,champion_composition,640
BlueChamp_245,0.009510021750092032,0.009510021750092032,Blue-favored,champion_composition,641
assists_P10,0.009480599652805245,0.009480599652805245,Blue-favored,player_level_stats,642
RedChamp_141,0.009462002543888568,0.009462002543888568,Blue-favored,champion_composition,643
RedChamp_53,-0.00945491469665405,0.00945491469665405,Red-favored,champion_composition,644
BlueChamp_131,-0.009360168088510885,0.009360168088510885,Red-favored,champion_composition,645
PrimaryKeyStone_P10_8360,-0.009355559505470058,0.009355559505470058,Red-favored,setup_runes_spells,646
BlueChamp_27,0.009301962198562446,0.009301962198562446,Blue-favored,champion_composition,647
SummonerSpell2_P7_7,-0.009235902607953822,0.009235902607953822,Red-favored,setup_runes_spells,648
BlueChamp_115,0.009065943624575195,0.009065943624575195,Blue-favored,champion_composition,649
Diff_Kills,0.00904117949807058,0.00904117949807058,Blue-favored,aggregate_difference,650
BlueChamp_711,-0.00901436575279316,0.00901436575279316,Red-favored,champion_composition,651
BlueChamp_14,0.008981788958879414,0.008981788958879414,Blue-favored,champion_composition,652
SummonerSpell1_P3_11,0.008912945953610094,0.008912945953610094,Blue-favored,setup_runes_spells,653
BlueChamp_96,-0.008899373616604313,0.008899373616604313,Red-favored,champion_composition,654
SummonerSpell2_P9_3,-0.00889156799114829,0.00889156799114829,Red-favored,setup_runes_spells,655
PrimaryKeyStone_P2_8439,0.008836050827676757,0.008836050827676757,Blue-favored,setup_runes_spells,656
deaths_P3,0.008825373603964019,0.008825373603964019,Blue-favored,player_level_stats,657
RedChamp_711,-0.00876063183922564,0.00876063183922564,Red-favored,champion_composition,658
SummonerSpell1_P2_1,-0.008736710245226112,0.008736710245226112,Red-favored,setup_runes_spells,659
PrimaryKeyStone_P6_8005,0.008731848421657555,0.008731848421657555,Blue-favored,setup_runes_spells,660
Lane_P3_BOTTOM,0.008653858628522507,0.008653858628522507,Blue-favored,lane_position,661
PrimaryKeyStone_P1_8010,0.008652879787299108,0.008652879787299108,Blue-favored,setup_runes_spells,662
SummonerSpell2_P2_7,0.008636552037693217,0.008636552037693217,Blue-favored,setup_runes_spells,663
BlueChamp_117,0.008620758212042605,0.008620758212042605,Blue-favored,champion_composition,664
SummonerSpell2_P2_12,0.00854342714855106,0.00854342714855106,Blue-favored,setup_runes_spells,665
PrimaryKeyStone_P1_8021,-0.008533796747129122,0.008533796747129122,Red-favored,setup_runes_spells,666
Lane_P7_JUNGLE,0.008515601152453492,0.008515601152453492,Blue-favored,lane_position,667
SummonerSpell2_P2_11,-0.00848726033468062,0.00848726033468062,Red-favored,setup_runes_spells,668
BlueChamp_517,0.008405644340155427,0.008405644340155427,Blue-favored,champion_composition,669
PrimaryKeyStone_P5_8369,-0.008377846005944666,0.008377846005944666,Red-favored,setup_runes_spells,670
SummonerSpell2_P7_32,0.008369584609213098,0.008369584609213098,Blue-favored,setup_runes_spells,671
SummonerSpell2_P4_1,-0.008329318316047949,0.008329318316047949,Red-favored,setup_runes_spells,672
BlueChamp_893,-0.008276623091431654,0.008276623091431654,Red-favored,champion_composition,673
SummonerSpell1_P9_21,0.008235371734986209,0.008235371734986209,Blue-favored,setup_runes_spells,674
BlueChamp_83,-0.008221119487143097,0.008221119487143097,Red-favored,champion_composition,675
RedChamp_78,-0.008186993968094488,0.008186993968094488,Red-favored,champion_composition,676
QueueType_SWIFTPLAY,-0.008185166941017764,0.008185166941017764,Red-favored,queue_type,677
BlueChamp_106,-0.00817787614206961,0.00817787614206961,Red-favored,champion_composition,678
RedChamp_240,-0.00814592253245281,0.00814592253245281,Red-favored,champion_composition,679
PrimaryKeyStone_P10_8010,-0.00802960790373106,0.00802960790373106,Red-favored,setup_runes_spells,680
BlueChamp_222,-0.00802437164442117,0.00802437164442117,Red-favored,champion_composition,681
SummonerSpell2_P1_21,-0.007973047782881715,0.007973047782881715,Red-favored,setup_runes_spells,682
BlueChamp_240,-0.007960026404240973,0.007960026404240973,Red-favored,champion_composition,683
BlueChamp_62,0.00794428890053926,0.00794428890053926,Blue-favored,champion_composition,684
PrimaryKeyStone_P2_8229,-0.007933821778348794,0.007933821778348794,Red-favored,setup_runes_spells,685
PrimaryKeyStone_P1_8229,0.007921477461735363,0.007921477461735363,Blue-favored,setup_runes_spells,686
SummonerSpell1_P5_11,-0.007875186028349,0.007875186028349,Red-favored,setup_runes_spells,687
PrimaryKeyStone_P8_9923,0.007873101753657092,0.007873101753657092,Blue-favored,setup_runes_spells,688
SummonerSpell2_P5_1,0.007775479832789451,0.007775479832789451,Blue-favored,setup_runes_spells,689
Lane_P8_TOP,-0.007706542695581156,0.007706542695581156,Red-favored,lane_position,690
SummonerSpell2_P5_21,0.007653179805018817,0.007653179805018817,Blue-favored,setup_runes_spells,691
PrimaryKeyStone_P10_8465,0.007591221275540684,0.007591221275540684,Blue-favored,setup_runes_spells,692
SummonerSpell2_P9_12,0.00757770522218582,0.00757770522218582,Blue-favored,setup_runes_spells,693
SummonerSpell2_P8_21,0.0075085333042444295,0.0075085333042444295,Blue-favored,setup_runes_spells,694
RedChamp_221,0.007507278611683685,0.007507278611683685,Blue-favored,champion_composition,695
SummonerSpell1_P3_3,-0.007495748876131113,0.007495748876131113,Red-favored,setup_runes_spells,696
BlueChamp_58,0.0074343059647530955,0.0074343059647530955,Blue-favored,champion_composition,697
RedChamp_4,-0.007390384607460862,0.007390384607460862,Red-favored,champion_composition,698
PrimaryKeyStone_P6_8112,0.0073826648840536165,0.0073826648840536165,Blue-favored,setup_runes_spells,699
SummonerSpell2_P4_32,0.007373367055657297,0.007373367055657297,Blue-favored,setup_runes_spells,700
BlueChamp_72,-0.007357618036854483,0.007357618036854483,Red-favored,champion_composition,701
RedChamp_23,-0.007357228312687173,0.007357228312687173,Red-favored,champion_composition,702
SummonerSpell2_P7_3,0.007300689086964462,0.007300689086964462,Blue-favored,setup_runes_spells,703
SummonerSpell2_P4_4,0.007287080182992281,0.007287080182992281,Blue-favored,setup_runes_spells,704
PrimaryKeyStone_P3_8230,-0.0072412493139559185,0.0072412493139559185,Red-favored,setup_runes_spells,705
RedChamp_163,0.007238706765253885,0.007238706765253885,Blue-favored,champion_composition,706
SummonerSpell1_P6_13,0.007208981419594448,0.007208981419594448,Blue-favored,setup_runes_spells,707
SummonerSpell1_P1_14,0.007196721765140335,0.007196721765140335,Blue-favored,setup_runes_spells,708
SummonerSpell1_P9_14,0.0070581777146562176,0.0070581777146562176,Blue-favored,setup_runes_spells,709
SummonerSpell1_P6_21,0.007003658360251042,0.007003658360251042,Blue-favored,setup_runes_spells,710
PrimaryKeyStone_P2_8351,-0.006982774379115427,0.006982774379115427,Red-favored,setup_runes_spells,711
BlueChamp_32,0.0069757690817440375,0.0069757690817440375,Blue-favored,champion_composition,712
PrimaryKeyStone_P3_8437,0.006973265768215679,0.006973265768215679,Blue-favored,setup_runes_spells,713
SummonerSpell1_P8_21,0.006909276192550074,0.006909276192550074,Blue-favored,setup_runes_spells,714
SummonerSpell2_P5_13,-0.006905005493202685,0.006905005493202685,Red-favored,setup_runes_spells,715
Lane_P9_TOP,-0.0069009642368354695,0.0069009642368354695,Red-favored,lane_position,716
PrimaryKeyStone_P5_8008,0.006879844834579649,0.006879844834579649,Blue-favored,setup_runes_spells,717
PrimaryKeyStone_P4_8465,0.006857111497264162,0.006857111497264162,Blue-favored,setup_runes_spells,718
BlueChamp_90,0.006836985366077787,0.006836985366077787,Blue-favored,champion_composition,719
Lane_P10_MIDDLE,-0.006817878250466754,0.006817878250466754,Red-favored,lane_position,720
PrimaryKeyStone_P5_8010,0.006770159265460937,0.006770159265460937,Blue-favored,setup_runes_spells,721
BlueChamp_113,-0.006759083759517174,0.006759083759517174,Red-favored,champion_composition,722
Red_assists_avg,0.006759060058994246,0.006759060058994246,Blue-favored,team_aggregate,723
Red_assists_sum,0.0067590600589941575,0.0067590600589941575,Blue-favored,team_aggregate,724
RedChamp_19,0.006749893237246081,0.006749893237246081,Blue-favored,champion_composition,725
SummonerSpell1_P7_13,0.006738962676869014,0.006738962676869014,Blue-favored,setup_runes_spells,726
SummonerSpell2_P3_12,-0.0067193484973221956,0.0067193484973221956,Red-favored,setup_runes_spells,727
PrimaryKeyStone_P6_9923,0.006668010431012218,0.006668010431012218,Blue-favored,setup_runes_spells,728
PrimaryKeyStone_P7_8112,0.006648607001395955,0.006648607001395955,Blue-favored,setup_runes_spells,729
SummonerSpell1_P5_13,-0.0066207448121410415,0.0066207448121410415,Red-favored,setup_runes_spells,730
SummonerSpell2_P3_6,0.00654617145222904,0.00654617145222904,Blue-favored,setup_runes_spells,731
PrimaryKeyStone_P9_8437,0.006519865277190243,0.006519865277190243,Blue-favored,setup_runes_spells,732
RedChamp_115,-0.006450439023135635,0.006450439023135635,Red-favored,champion_composition,733
BlueChamp_114,0.006373645598240106,0.006373645598240106,Blue-favored,champion_composition,734
PrimaryKeyStone_P8_8360,-0.006343268440230445,0.006343268440230445,Red-favored,setup_runes_spells,735
BlueChamp_910,0.0062868585068118436,0.0062868585068118436,Blue-favored,champion_composition,736
SummonerSpell2_P1_1,-0.006280416005236046,0.006280416005236046,Red-favored,setup_runes_spells,737
Lane_P7_SUPPORT,0.006265318966732022,0.006265318966732022,Blue-favored,lane_position,738
RedChamp_105,-0.006251237682643355,0.006251237682643355,Red-favored,champion_composition,739
SummonerSpell1_P9_11,0.006230751738538719,0.006230751738538719,Blue-favored,setup_runes_spells,740
SummonerSpell2_P4_3,0.006174115594216862,0.006174115594216862,Blue-favored,setup_runes_spells,741
Lane_P7_TOP,-0.006145342969235329,0.006145342969235329,Red-favored,lane_position,742
BlueChamp_8,0.006142514370562433,0.006142514370562433,Blue-favored,champion_composition,743
assists_P4,0.0061160456552345754,0.0061160456552345754,Blue-favored,player_level_stats,744
RedChamp_29,0.006057747417121103,0.006057747417121103,Blue-favored,champion_composition,745
SummonerSpell1_P9_32,-0.006027514095613285,0.006027514095613285,Red-favored,setup_runes_spells,746
Lane_P6_TOP,-0.006026925140085085,0.006026925140085085,Red-favored,lane_position,747
BlueChamp_6,-0.005884165917318538,0.005884165917318538,Red-favored,champion_composition,748
BlueChamp_950,-0.005880550089549006,0.005880550089549006,Red-favored,champion_composition,749
RedChamp_48,0.00580376901702354,0.00580376901702354,Blue-favored,champion_composition,750
RedChamp_16,-0.005738241128843891,0.005738241128843891,Red-favored,champion_composition,751
kills_P10,0.0057145305137936584,0.0057145305137936584,Blue-favored,player_level_stats,752
SummonerSpell1_P5_21,0.005697911991235375,0.005697911991235375,Blue-favored,setup_runes_spells,753
SummonerSpell2_P8_12,-0.005671943724646571,0.005671943724646571,Red-favored,setup_runes_spells,754
RedChamp_203,-0.005658108041253799,0.005658108041253799,Red-favored,champion_composition,755
BlueChamp_101,-0.005603917374323662,0.005603917374323662,Red-favored,champion_composition,756
SummonerSpell2_P4_6,0.005544535514868088,0.005544535514868088,Blue-favored,setup_runes_spells,757
kills_P9,-0.005515231665142339,0.005515231665142339,Red-favored,player_level_stats,758
BlueChamp_19,-0.005503628896763713,0.005503628896763713,Red-favored,champion_composition,759
PrimaryKeyStone_P3_8229,-0.005454291533442606,0.005454291533442606,Red-favored,setup_runes_spells,760
BlueChamp_77,-0.005408488942613833,0.005408488942613833,Red-favored,champion_composition,761
PrimaryKeyStone_P2_8005,0.005388651357895295,0.005388651357895295,Blue-favored,setup_runes_spells,762
SummonerSpell1_P1_12,0.00538287999282608,0.00538287999282608,Blue-favored,setup_runes_spells,763
RedChamp_517,-0.005311742360007867,0.005311742360007867,Red-favored,champion_composition,764
BlueChamp_102,-0.005254585208522622,0.005254585208522622,Red-favored,champion_composition,765
SummonerSpell1_P6_1,-0.00525166457319879,0.00525166457319879,Red-favored,setup_runes_spells,766
SummonerSpell2_P6_32,0.00517949831819114,0.00517949831819114,Blue-favored,setup_runes_spells,767
SummonerSpell1_P4_11,-0.00511334971157294,0.00511334971157294,Red-favored,setup_runes_spells,768
SummonerSpell2_P6_7,0.005056602955762964,0.005056602955762964,Blue-favored,setup_runes_spells,769
BlueChamp_99,-0.005050713724272416,0.005050713724272416,Red-favored,champion_composition,770
Lane_P9_BOTTOM,0.0050239977560741405,0.0050239977560741405,Blue-favored,lane_position,771
RedChamp_876,0.004981566224737628,0.004981566224737628,Blue-favored,champion_composition,772
SummonerSpell2_P3_32,-0.004955480706307423,0.004955480706307423,Red-favored,setup_runes_spells,773
PrimaryKeyStone_P5_8128,0.004937665002437104,0.004937665002437104,Blue-favored,setup_runes_spells,774
SummonerSpell1_P2_13,-0.004936722429854876,0.004936722429854876,Red-favored,setup_runes_spells,775
PrimaryKeyStone_P5_8230,-0.004907020754473464,0.004907020754473464,Red-favored,setup_runes_spells,776
SummonerSpell1_P7_4,0.004857955017892476,0.004857955017892476,Blue-favored,setup_runes_spells,777
SummonerSpell2_P2_4,-0.004835362227117037,0.004835362227117037,Red-favored,setup_runes_spells,778
RedChamp_8,0.0048091425966787366,0.0048091425966787366,Blue-favored,champion_composition,779
RedChamp_427,-0.004804366382067713,0.004804366382067713,Red-favored,champion_composition,780
PrimaryKeyStone_P3_8439,0.004689832005713864,0.004689832005713864,Blue-favored,setup_runes_spells,781
PrimaryKeyStone_P3_8021,-0.004647419727464718,0.004647419727464718,Red-favored,setup_runes_spells,782
RedChamp_111,0.004644056658346889,0.004644056658346889,Blue-favored,champion_composition,783
assists_P6,-0.004640729150939549,0.004640729150939549,Red-favored,player_level_stats,784
PrimaryKeyStone_P9_8005,0.00463101697454158,0.00463101697454158,Blue-favored,setup_runes_spells,785
Red_deaths_avg,0.0046250652635877595,0.0046250652635877595,Blue-favored,team_aggregate,786
Red_deaths_sum,0.004625065263587445,0.004625065263587445,Blue-favored,team_aggregate,787
Blue_kills_sum,0.00460491059420608,0.00460491059420608,Blue-favored,team_aggregate,788
Blue_kills_avg,0.0046049105942045565,0.0046049105942045565,Blue-favored,team_aggregate,789
BlueChamp_2,-0.004567482648115181,0.004567482648115181,Red-favored,champion_composition,790
BlueChamp_103,0.00456637092273992,0.00456637092273992,Blue-favored,champion_composition,791
Blue_deaths_avg,0.004549385695735603,0.004549385695735603,Blue-favored,team_aggregate,792
Blue_deaths_sum,0.004549385695735463,0.004549385695735463,Blue-favored,team_aggregate,793
BlueChamp_161,-0.0045183326021293845,0.0045183326021293845,Red-favored,champion_composition,794
SummonerSpell1_P4_4,0.004511402954781115,0.004511402954781115,Blue-favored,setup_runes_spells,795
RedChamp_113,0.004510742687996271,0.004510742687996271,Blue-favored,champion_composition,796
BlueChamp_163,-0.004481065652108391,0.004481065652108391,Red-favored,champion_composition,797
PrimaryKeyStone_P1_8005,-0.004468204600453753,0.004468204600453753,Red-favored,setup_runes_spells,798
RedChamp_101,-0.004448593239824053,0.004448593239824053,Red-favored,champion_composition,799
SummonerSpell1_P3_6,0.004376210513356467,0.004376210513356467,Blue-favored,setup_runes_spells,800
PrimaryKeyStone_P7_8369,-0.004372992715713811,0.004372992715713811,Red-favored,setup_runes_spells,801
SummonerSpell1_P5_6,0.004359659218989793,0.004359659218989793,Blue-favored,setup_runes_spells,802
PrimaryKeyStone_P2_8230,-0.004321222876298588,0.004321222876298588,Red-favored,setup_runes_spells,803
SummonerSpell2_P8_6,-0.004295950810890153,0.004295950810890153,Red-favored,setup_runes_spells,804
Lane_P4_SUPPORT,0.004285858536783739,0.004285858536783739,Blue-favored,lane_position,805
SummonerSpell2_P2_6,-0.004260632231939122,0.004260632231939122,Red-favored,setup_runes_spells,806
PrimaryKeyStone_P6_8351,-0.004229012323061456,0.004229012323061456,Red-favored,setup_runes_spells,807
SummonerSpell1_P8_14,0.004226342596459891,0.004226342596459891,Blue-favored,setup_runes_spells,808
SummonerSpell1_P6_32,-0.004207436517234587,0.004207436517234587,Red-favored,setup_runes_spells,809
SummonerSpell2_P7_4,0.004161164508100346,0.004161164508100346,Blue-favored,setup_runes_spells,810
PrimaryKeyStone_P6_8360,-0.004114597753499575,0.004114597753499575,Red-favored,setup_runes_spells,811
PrimaryKeyStone_P10_8128,0.004080454968378724,0.004080454968378724,Blue-favored,setup_runes_spells,812
RedChamp_44,-0.004041878469224635,0.004041878469224635,Red-favored,champion_composition,813
Lane_P1_TOP,0.003998249096005592,0.003998249096005592,Blue-favored,lane_position,814
BlueChamp_85,-0.0039608454398383595,0.0039608454398383595,Red-favored,champion_composition,815
deaths_P2,0.003907962218928689,0.003907962218928689,Blue-favored,player_level_stats,816
RedChamp_2,0.003893689888600004,0.003893689888600004,Blue-favored,champion_composition,817
BlueChamp_105,-0.0038802174323077305,0.0038802174323077305,Red-favored,champion_composition,818
Lane_P10_JUNGLE,0.0038793585439442207,0.0038793585439442207,Blue-favored,lane_position,819
Lane_P4_MIDDLE,0.003831860065219805,0.003831860065219805,Blue-favored,lane_position,820
Blue_assists_sum,0.0038194482424033656,0.0038194482424033656,Blue-favored,team_aggregate,821
Blue_assists_avg,0.0038194482424033023,0.0038194482424033023,Blue-favored,team_aggregate,822
PrimaryKeyStone_P7_8360,-0.0038170697726320137,0.0038170697726320137,Red-favored,setup_runes_spells,823
Diff_assists,-0.0037486464477593947,0.0037486464477593947,Red-favored,aggregate_difference,824
SummonerSpell1_P6_11,-0.003740214801460018,0.003740214801460018,Red-favored,setup_runes_spells,825
BlueChamp_59,-0.0037066371343313833,0.0037066371343313833,Red-favored,champion_composition,826
PrimaryKeyStone_P10_8005,0.003593708109804956,0.003593708109804956,Blue-favored,setup_runes_spells,827
PrimaryKeyStone_P8_8214,-0.0035770675877689053,0.0035770675877689053,Red-favored,setup_runes_spells,828
RedChamp_30,-0.0035379346978236196,0.0035379346978236196,Red-favored,champion_composition,829
RedChamp_56,0.0035348870903628917,0.0035348870903628917,Blue-favored,champion_composition,830
RedChamp_106,-0.003529354735656468,0.003529354735656468,Red-favored,champion_composition,831
PrimaryKeyStone_P10_8008,-0.00351407132104116,0.00351407132104116,Red-favored,setup_runes_spells,832
RedChamp_58,-0.003496120059932129,0.003496120059932129,Red-favored,champion_composition,833
deaths_P9,0.0034454730663063204,0.0034454730663063204,Blue-favored,player_level_stats,834
SummonerSpell2_P3_11,0.0033833590215419916,0.0033833590215419916,Blue-favored,setup_runes_spells,835
SummonerSpell1_P1_1,0.0033536882827049914,0.0033536882827049914,Blue-favored,setup_runes_spells,836
BlueChamp_13,-0.003345608656136841,0.003345608656136841,Red-favored,champion_composition,837
PrimaryKeyStone_P4_8351,0.0033381753903537056,0.0033381753903537056,Blue-favored,setup_runes_spells,838
PrimaryKeyStone_P9_8439,0.003325544079335859,0.003325544079335859,Blue-favored,setup_runes_spells,839
SummonerSpell1_P8_3,0.0033171945988363224,0.0033171945988363224,Blue-favored,setup_runes_spells,840
SummonerSpell2_P2_3,-0.0032982450306085764,0.0032982450306085764,Red-favored,setup_runes_spells,841
PrimaryKeyStone_P5_8360,0.003285621744862574,0.003285621744862574,Blue-favored,setup_runes_spells,842
SummonerSpell1_P2_7,-0.003280576398409609,0.003280576398409609,Red-favored,setup_runes_spells,843
BlueChamp_50,-0.003265691619398419,0.003265691619398419,Red-favored,champion_composition,844
PrimaryKeyStone_P4_8360,0.0032407710874606693,0.0032407710874606693,Blue-favored,setup_runes_spells,845
PrimaryKeyStone_P10_8021,0.003231822386810384,0.003231822386810384,Blue-favored,setup_runes_spells,846
SummonerSpell2_P9_32,-0.003227568681287295,0.003227568681287295,Red-favored,setup_runes_spells,847
BlueChamp_68,-0.003205329908815596,0.003205329908815596,Red-favored,champion_composition,848
SummonerSpell2_P2_1,0.0031732448406684155,0.0031732448406684155,Blue-favored,setup_runes_spells,849
PrimaryKeyStone_P6_8214,-0.0031355018811276,0.0031355018811276,Red-favored,setup_runes_spells,850
SummonerSpell2_P10_13,0.003120713459493077,0.003120713459493077,Blue-favored,setup_runes_spells,851
PrimaryKeyStone_P8_8021,-0.0030873179955923364,0.0030873179955923364,Red-favored,setup_runes_spells,852
Lane_P2_BOTTOM,0.0030387439148935108,0.0030387439148935108,Blue-favored,lane_position,853
PrimaryKeyStone_P9_8351,0.002957012903732888,0.002957012903732888,Blue-favored,setup_runes_spells,854
SummonerSpell1_P10_7,-0.0029394748845879776,0.0029394748845879776,Red-favored,setup_runes_spells,855
SummonerSpell2_P3_7,0.0029135759635117663,0.0029135759635117663,Blue-favored,setup_runes_spells,856
SummonerSpell2_P2_14,-0.0027621227513436064,0.0027621227513436064,Red-favored,setup_runes_spells,857
RedChamp_96,0.0027485762280965516,0.0027485762280965516,Blue-favored,champion_composition,858
deaths_P10,-0.002698367246096849,0.002698367246096849,Red-favored,player_level_stats,859
SummonerSpell1_P2_21,-0.0026257233876693735,0.0026257233876693735,Red-favored,setup_runes_spells,860
BlueChamp_266,-0.0026037706192793358,0.0026037706192793358,Red-favored,champion_composition,861
Lane_P10_TOP,-0.002521905158004722,0.002521905158004722,Red-favored,lane_position,862
SummonerSpell1_P4_32,-0.0025129341884249385,0.0025129341884249385,Red-favored,setup_runes_spells,863
SummonerSpell2_P3_1,0.0025100292090340444,0.0025100292090340444,Blue-favored,setup_runes_spells,864
SummonerSpell1_P7_3,0.00247405619247233,0.00247405619247233,Blue-favored,setup_runes_spells,865
PrimaryKeyStone_P10_8369,-0.002457188890133505,0.002457188890133505,Red-favored,setup_runes_spells,866
Lane_P6_JUNGLE,-0.002405674506824784,0.002405674506824784,Red-favored,lane_position,867
SummonerSpell1_P4_3,-0.0024046369077744345,0.0024046369077744345,Red-favored,setup_runes_spells,868
RedChamp_200,0.00237515813052529,0.00237515813052529,Blue-favored,champion_composition,869
SummonerSpell2_P4_13,0.0022543885601944646,0.0022543885601944646,Blue-favored,setup_runes_spells,870
Lane_P4_BOTTOM,0.0022294676226281627,0.0022294676226281627,Blue-favored,lane_position,871
BlueChamp_60,-0.002207982635815456,0.002207982635815456,Red-favored,champion_composition,872
SummonerSpell1_P9_1,0.002205772262194684,0.002205772262194684,Blue-favored,setup_runes_spells,873
RedChamp_20,0.002184475857651393,0.002184475857651393,Blue-favored,champion_composition,874
PrimaryKeyStone_P7_8229,0.0021693988254138153,0.0021693988254138153,Blue-favored,setup_runes_spells,875
SummonerSpell2_P8_7,0.002169130561809025,0.002169130561809025,Blue-favored,setup_runes_spells,876
PrimaryKeyStone_P3_8214,0.00216894185790921,0.00216894185790921,Blue-favored,setup_runes_spells,877
SummonerSpell2_P3_3,-0.002168651707016643,0.002168651707016643,Red-favored,setup_runes_spells,878
SummonerSpell2_P10_21,-0.002144106963646207,0.002144106963646207,Red-favored,setup_runes_spells,879
SummonerSpell2_P10_1,0.0021391879533252073,0.0021391879533252073,Blue-favored,setup_runes_spells,880
SummonerSpell2_P10_3,-0.00204893950095944,0.00204893950095944,Red-favored,setup_runes_spells,881
PrimaryKeyStone_P7_8214,-0.0020423689158705805,0.0020423689158705805,Red-favored,setup_runes_spells,882
SummonerSpell2_P9_21,0.0019774417896198777,0.0019774417896198777,Blue-favored,setup_runes_spells,883
PrimaryKeyStone_P7_8230,-0.0018719137523237495,0.0018719137523237495,Red-favored,setup_runes_spells,884
SummonerSpell2_P7_1,0.0018457071503725823,0.0018457071503725823,Blue-favored,setup_runes_spells,885
PrimaryKeyStone_P4_8214,0.0018260478346237069,0.0018260478346237069,Blue-favored,setup_runes_spells,886
PrimaryKeyStone_P10_8437,0.0018145834261186857,0.0018145834261186857,Blue-favored,setup_runes_spells,887
PrimaryKeyStone_P3_8351,-0.0018122874679654042,0.0018122874679654042,Red-favored,setup_runes_spells,888
BlueChamp_150,-0.0018078297389876362,0.0018078297389876362,Red-favored,champion_composition,889
SummonerSpell2_P1_12,-0.0018006296267848484,0.0018006296267848484,Red-favored,setup_runes_spells,890
PrimaryKeyStone_P7_8351,-0.0017690206364713017,0.0017690206364713017,Red-favored,setup_runes_spells,891
Lane_P1_JUNGLE,-0.0017611931423340097,0.0017611931423340097,Red-favored,lane_position,892
PrimaryKeyStone_P9_8360,0.0017437946749246605,0.0017437946749246605,Blue-favored,setup_runes_spells,893
SummonerSpell1_P10_3,-0.001684267827529841,0.001684267827529841,Red-favored,setup_runes_spells,894
SummonerSpell1_P3_21,-0.0016383738624452004,0.0016383738624452004,Red-favored,setup_runes_spells,895
Lane_P5_SUPPORT,0.0016121021824919983,0.0016121021824919983,Blue-favored,lane_position,896
RedChamp_888,-0.0015903651390825068,0.0015903651390825068,Red-favored,champion_composition,897
PrimaryKeyStone_P2_8021,0.0015176511090131159,0.0015176511090131159,Blue-favored,setup_runes_spells,898
PrimaryKeyStone_P6_8437,-0.001503198041096941,0.001503198041096941,Red-favored,setup_runes_spells,899
SummonerSpell1_P8_12,0.0014936885254596879,0.0014936885254596879,Blue-favored,setup_runes_spells,900
BlueChamp_80,-0.0014713579910270078,0.0014713579910270078,Red-favored,champion_composition,901
SummonerSpell1_P4_12,0.0014393798957763593,0.0014393798957763593,Blue-favored,setup_runes_spells,902
SummonerSpell2_P4_11,-0.0014352223727164045,0.0014352223727164045,Red-favored,setup_runes_spells,903
Lane_P2_SUPPORT,0.0013970778016173877,0.0013970778016173877,Blue-favored,lane_position,904
SummonerSpell2_P2_32,0.001359886083544557,0.001359886083544557,Blue-favored,setup_runes_spells,905
SummonerSpell1_P1_32,-0.0013015376031564124,0.0013015376031564124,Red-favored,setup_runes_spells,906
RedChamp_104,0.0012975426059952282,0.0012975426059952282,Blue-favored,champion_composition,907
SummonerSpell1_P9_13,-0.0012571941940475759,0.0012571941940475759,Red-favored,setup_runes_spells,908
RedChamp_134,-0.0012186653542517636,0.0012186653542517636,Red-favored,champion_composition,909
SummonerSpell1_P8_7,-0.0012131831542224625,0.0012131831542224625,Red-favored,setup_runes_spells,910
SummonerSpell2_P8_13,0.0011714446876937572,0.0011714446876937572,Blue-favored,setup_runes_spells,911
kills_P3,0.0010995228922566346,0.0010995228922566346,Blue-favored,player_level_stats,912
PrimaryKeyStone_P1_8351,-0.0010637110482397203,0.0010637110482397203,Red-favored,setup_runes_spells,913
RedChamp_85,-0.0010066355915026941,0.0010066355915026941,Red-favored,champion_composition,914
PrimaryKeyStone_P4_8005,-0.0009838846964565955,0.0009838846964565955,Red-favored,setup_runes_spells,915
RedChamp_893,0.0009759587511895638,0.0009759587511895638,Blue-favored,champion_composition,916
RedChamp_166,-0.0009507733727592121,0.0009507733727592121,Red-favored,champion_composition,917
SummonerSpell1_P1_7,-0.0009205276936096586,0.0009205276936096586,Red-favored,setup_runes_spells,918
Lane_P8_MIDDLE,0.0009030343947773994,0.0009030343947773994,Blue-favored,lane_position,919
SummonerSpell1_P2_4,-0.000892648488567695,0.000892648488567695,Red-favored,setup_runes_spells,920
BlueChamp_111,-0.0007347986172302592,0.0007347986172302592,Red-favored,champion_composition,921
SummonerSpell2_P6_11,0.0007033460128294043,0.0007033460128294043,Blue-favored,setup_runes_spells,922
SummonerSpell2_P4_12,-0.0006928950534959873,0.0006928950534959873,Red-favored,setup_runes_spells,923
PrimaryKeyStone_P7_8005,-0.0005805578109434647,0.0005805578109434647,Red-favored,setup_runes_spells,924
PrimaryKeyStone_P2_8369,-0.0005637133467650257,0.0005637133467650257,Red-favored,setup_runes_spells,925
BlueChamp_221,0.000521469039283843,0.000521469039283843,Blue-favored,champion_composition,926
BlueChamp_56,-0.0005107831465600642,0.0005107831465600642,Red-favored,champion_composition,927
Lane_P5_MIDDLE,0.000496304446870251,0.000496304446870251,Blue-favored,lane_position,928
SummonerSpell2_P8_14,0.0004840618992328179,0.0004840618992328179,Blue-favored,setup_runes_spells,929
PrimaryKeyStone_P3_8128,-0.00046976548022986274,0.00046976548022986274,Red-favored,setup_runes_spells,930
SummonerSpell1_P10_6,-0.0004344754739117682,0.0004344754739117682,Red-favored,setup_runes_spells,931
Lane_P3_MIDDLE,0.0004019185923470036,0.0004019185923470036,Blue-favored,lane_position,932
SummonerSpell1_P3_7,-0.00036091518236723845,0.00036091518236723845,Red-favored,setup_runes_spells,933
RedChamp_150,0.0003512344925322525,0.0003512344925322525,Blue-favored,champion_composition,934
SummonerSpell2_P6_12,0.0003484214234120904,0.0003484214234120904,Blue-favored,setup_runes_spells,935
RedChamp_32,-0.0003364882308131809,0.0003364882308131809,Red-favored,champion_composition,936
Diff_deaths,-0.00022378440635844002,0.00022378440635844002,Red-favored,aggregate_difference,937
RedChamp_5,0.0001599091572008929,0.0001599091572008929,Blue-favored,champion_composition,938
BlueChamp_28,0.0001372221703115711,0.0001372221703115711,Blue-favored,champion_composition,939
RedChamp_895,0.00010887494582124179,0.00010887494582124179,Blue-favored,champion_composition,940
SummonerSpell2_P10_6,0.00010398567605042032,0.00010398567605042032,Blue-favored,setup_runes_spells,941
SummonerSpell2_P6_1,-7.17240071542342e-05,7.17240071542342e-05,Red-favored,setup_runes_spells,942
RedChamp_910,6.306578203329212e-05,6.306578203329212e-05,Blue-favored,champion_composition,943
RedChamp_421,5.922230848529825e-05,5.922230848529825e-05,Blue-favored,champion_composition,944
BlueChamp_888,-1.0189770820031217e-05,1.0189770820031217e-05,Red-favored,champion_composition,945
PrimaryKeyStone_P5_8005,4.63115121356036e-06,4.63115121356036e-06,Blue-favored,setup_runes_spells,946
Diff_BaronKills,0.0,0.0,Blue-favored,aggregate_difference,947
TurretDmgDealt_P10,0.0,0.0,Blue-favored,player_level_stats,948
TurretDmgDealt_P1,0.0,0.0,Blue-favored,player_level_stats,949
TurretDmgDealt_P8,0.0,0.0,Blue-favored,player_level_stats,950
TurretDmgDealt_P9,0.0,0.0,Blue-favored,player_level_stats,951
RedBaronKills,0.0,0.0,Blue-favored,objective_counts,952
BlueBaronKills,0.0,0.0,Blue-favored,objective_counts,953
TurretDmgDealt_P7,0.0,0.0,Blue-favored,player_level_stats,954
TurretDmgDealt_P6,0.0,0.0,Blue-favored,player_level_stats,955
TurretDmgDealt_P3,0.0,0.0,Blue-favored,player_level_stats,956
TurretDmgDealt_P2,0.0,0.0,Blue-favored,player_level_stats,957
TurretDmgDealt_P5,0.0,0.0,Blue-favored,player_level_stats,958
TurretDmgDealt_P4,0.0,0.0,Blue-favored,player_level_stats,959
